"transaction_hash","block_number"
"0x43e6244e1fe06f9569fb3b3be4f5c4c6adc795119c0e98ab394b98e9dd9d7c87","24223289"
"0x2de020b1d72138d680498a44bcaa59eb49aa7fb4b8a608d3fe332fc12adc659a","24223373"
"0xd8e92ea8f41405db2375b542e9e9bd349afb54bbcd1d5f85ba0eccd965e85762","24223416"
"0xad128e4bccf32544a209f769ee49723cd0eff6d65334fc2947bd4983aca7083b","24224940"
"0x09296eba2671405dff9b8e6c917b2a46825cd2e6320b51b14968e7fb29e8cf1e","24224999"
"0x7d861609b4a3176c9bc3186619b826858894c8b8622b949fb6af3b3f109955c5","24225020"
"0x9be70f9428530bfb0d3ffac480cb128a1d7eed70b4cc6257d1fad70f9271857f","24227837"
"0x1ccf6c2950416dcaf16d751f4a2ec8a4d5e3da1e242065a5d38de039a5019d81","24227875"
"0x5dadd90895dd37357cac944c85bbe5065e3e23d16255936c6f7a5e95cf8842b8","24227903"
"0x440d4c4f2b3081a868c2c659c0c37a45991030056ad92887cd61d1ded9a5e11c","24227925"
"0x440b2a101a093dfa2535ab9e8cd22603bddac8e2ff9faee1a6debb8f3a83d137","24227947"
"0xd016c5b89e2ede2b3a169a56fbe6ec93eb726d32f04875c6be3318d46f548a5e","24227967"
"0xd44172fead59ef76e35c076ab8313bd9fabf302b87afed882333e6a3065baf9b","24227982"
"0x3b22f7553027b1b9d28c6a8958e73754d2f26d103206c5c27a36b4d79f71731b","24228118"
"0x514e0ba0ff9e483bbd89488f968b9bfaa208b1a5cbf83308beaf1049c5fc74fc","24228138"
"0x28301178b954f406a5c1459c51c86e5f0043513455f5b0df8513f130e6ef41ed","24228178"
"0xfbd999b819da9d15f3609d00f40b3a09bfd0e0629e0e0791be5dc4075a776ba4","24228195"
"0x82af908e7637f782e36a9eeafda3781dab3c01dc614efe7a09a33a963bf20615","24228210"
"0xfa70581b6e7bd2b6118ba4a16b8751c3c787c47a944fbb4458fd96a2184f315c","24228227"
"0x0f6b0fefd1d7392feeed1f68c1831b9cfcee1d5b247b3747472a9716145b25ee","24228245"
"0x1db3e23e14bfbe1e3255a7cd96d23e9ae8143c56ad732e8318b13ed4ec7f9935","24228308"
"0x6e72e1d435d11e5d40decb57d0aa846ab182e1ac9f22e179224cc3cd2a7044d8","24251890"
"0xc93e837df7d6565d1682ab21575a3cf046d7a9ac54dcd0aa8070aebb110e5ebb","24262915"
"0x92c6a28541c410759b68171ec43217bc6da67a985383d49bbaa4d81b4b8e34e1","24263186"
"0xcbdbba0c45e1458b4b09af941781ca0f2e9afca1f7a76de8b925d8a9a7dbf598","24263719"
"0x2749bb2e09d3c7ac889221a61705fa61944fa69d7f896b3814d00ed94abea094","24264218"
"0x1ef31b67492bc646ce33c975b99425719e2e9a35184da1b0651c3ddf4199054d","24269182"
"0x4ddf617d0290c996426ff4dabd7606f950ae8e7b27b85a07510f3eac2d19753d","24269338"
"0x403f891715bf2990f957d391e57b7aa63ddf608545120a9f29865aeeb41c3595","24269425"
"0x0c49024f88737c8938de5b7cf47d4909e461288423a39fd380afd6eac286834a","24269477"
"0x9a16099be7b859910912035fe473e34cb72f23212736f68fc59114b4866f4598","24270325"
"0x7a21a771a51d4a202caaff3b7d42247efbbe3eebbb5585ea69b01dbe78d35318","24273336"
"0x66162c6af3e0e72cc0f462610f40d5e7606697f80910f1a3f1191d3f7b57d1c9","24273356"
"0x497fb76a9f5d7e866c85db990838b4b5d1b97e56405dda45aa4c35d4c55491e2","24273376"
"0x4f4f5b6972cf3b92e896801893bb5fdcd297be3b7b7a08beb0a7d2d490c60297","24298160"
"0x75e50c0582e1e427820eb0c29250113414f7cda33ac5dc2ec9da4d573720d47c","24298188"
"0x6380f9888448c23c88857808f90c1a1076f12e7ceb1d5339b0fe1b66a6935dd1","24298219"
"0xb34c027b8560e2fe76aa79b2ccd600a53c5012712712de8333fb8a7a0f47642f","24318347"
"0xbd51ec6bc326a203a9acca916542eab7eeaafed1a64e71236167127f7f6369d5","24325981"
"0x17ea432b0cb339a70f60d4b8b486bfb211012c9f5f40a9af294ab91a126a386e","24340875"
"0xa67682112330b76ff287d437f8a19d1ee8dbeea7b1fc7e0e728e2068f590474b","24340981"
"0xb73074cf10e8923f25634615131c9bb883983e52062b89ea24f185e993b1eec1","24346767"
