txHash,blockNumber,timestamp,from,to,valueEth,gasUsed,gasPriceGwei,txFeeEth,status,method,paramsJSON,contractAbiName
0x43e6244e1fe06f9569fb3b3be4f5c4c6adc795119c0e98ab394b98e9dd9d7c87,24223289,2024-12-26T17:58:45.000Z,0x599C59081d9B673BBDdAfbc933B669aA84eA3eE1,0xd5Ed8EAb35536F8C33C38128087441218Df65B1C,0,434073,0.002244489,9.74272073697e-7,1,stake,"[""38"",""1000000000000000000""]",abi/Staking.json
0x2de020b1d72138d680498a44bcaa59eb49aa7fb4b8a608d3fe332fc12adc659a,24223373,2024-12-26T18:01:33.000Z,0x599C59081d9B673BBDdAfbc933B669aA84eA3eE1,0xd5Ed8EAb35536F8C33C38128087441218Df65B1C,0,516276,0.002220109,0.000001146188994084,1,stake,"[""37"",""1000000000000000000""]",abi/Staking.json
0xd8e92ea8f41405db2375b542e9e9bd349afb54bbcd1d5f85ba0eccd965e85762,24223416,2024-12-26T18:02:59.000Z,0x599C59081d9B673BBDdAfbc933B669aA84eA3eE1,0xd5Ed8EAb35536F8C33C38128087441218Df65B1C,0,451173,0.002212583,9.98257709859e-7,1,stake,"[""37"",""1000000000000000000""]",abi/Staking.json
0xad128e4bccf32544a209f769ee49723cd0eff6d65334fc2947bd4983aca7083b,24224940,2024-12-26T18:53:47.000Z,0xde25B73A7bDB51A0a6eCfC7FcDf45B8FBeB08b8e,0x2F0dd0781F13aA24d3E3061E3AfB8a411fbc64d7,0,425733,0.003181646,0.000001354531696518,1,updateAsk,"[""9"",""10000000000000000""]",abi/Profile.json
0x09296eba2671405dff9b8e6c917b2a46825cd2e6320b51b14968e7fb29e8cf1e,24224999,2024-12-26T18:55:45.000Z,0xde25B73A7bDB51A0a6eCfC7FcDf45B8FBeB08b8e,0xc6B8b1E3EFE8BE4dA79f3C2Cfc36d37d6F3DC8CB,0,116826,0.003043538,3.55564370388e-7,1,migrateDelegatorData,"[""33""]",abi/Migrator.json
0x7d861609b4a3176c9bc3186619b826858894c8b8622b949fb6af3b3f109955c5,24225020,2024-12-26T18:56:27.000Z,0xde25B73A7bDB51A0a6eCfC7FcDf45B8FBeB08b8e,0xd5Ed8EAb35536F8C33C38128087441218Df65B1C,0,516568,0.003131943,0.000001617861531624,1,stake,"[""33"",""3000000000000000000""]",abi/Staking.json
0x9be70f9428530bfb0d3ffac480cb128a1d7eed70b4cc6257d1fad70f9271857f,24227837,2024-12-26T20:30:21.000Z,0xde25B73A7bDB51A0a6eCfC7FcDf45B8FBeB08b8e,0x2F0dd0781F13aA24d3E3061E3AfB8a411fbc64d7,0,406645,0.004856452,0.00000197485192354,1,updateAsk,"[""7"",""1000000000000000""]",abi/Profile.json
0x1ccf6c2950416dcaf16d751f4a2ec8a4d5e3da1e242065a5d38de039a5019d81,24227875,2024-12-26T20:31:37.000Z,0xde25B73A7bDB51A0a6eCfC7FcDf45B8FBeB08b8e,0xd5Ed8EAb35536F8C33C38128087441218Df65B1C,0,506659,0.004885031,0.000002475044921429,1,stake,"[""38"",""1000000000000000000""]",abi/Staking.json
0x5dadd90895dd37357cac944c85bbe5065e3e23d16255936c6f7a5e95cf8842b8,24227903,2024-12-26T20:32:33.000Z,0xde25B73A7bDB51A0a6eCfC7FcDf45B8FBeB08b8e,0x2F0dd0781F13aA24d3E3061E3AfB8a411fbc64d7,0,399422,0.004892023,0.000001953981610706,1,updateAsk,"[""3"",""1020000000000000""]",abi/Profile.json
0x440d4c4f2b3081a868c2c659c0c37a45991030056ad92887cd61d1ded9a5e11c,24227925,2024-12-26T20:33:17.000Z,0xde25B73A7bDB51A0a6eCfC7FcDf45B8FBeB08b8e,0xc6B8b1E3EFE8BE4dA79f3C2Cfc36d37d6F3DC8CB,0,190886,0.004868971,9.29418398306e-7,1,migrateDelegatorData,"[""37""]",abi/Migrator.json
0x440b2a101a093dfa2535ab9e8cd22603bddac8e2ff9faee1a6debb8f3a83d137,24227947,2024-12-26T20:34:01.000Z,0xde25B73A7bDB51A0a6eCfC7FcDf45B8FBeB08b8e,0xc6B8b1E3EFE8BE4dA79f3C2Cfc36d37d6F3DC8CB,0,284597,0.004869043,0.000001385715030671,1,migrateDelegatorData,"[""31""]",abi/Migrator.json
0xd016c5b89e2ede2b3a169a56fbe6ec93eb726d32f04875c6be3318d46f548a5e,24227967,2024-12-26T20:34:41.000Z,0xde25B73A7bDB51A0a6eCfC7FcDf45B8FBeB08b8e,0x2F0dd0781F13aA24d3E3061E3AfB8a411fbc64d7,0,399633,0.004859474,0.000001942006173042,1,updateAsk,"[""10"",""800000000000000""]",abi/Profile.json
0xd44172fead59ef76e35c076ab8313bd9fabf302b87afed882333e6a3065baf9b,24227982,2024-12-26T20:35:11.000Z,0xde25B73A7bDB51A0a6eCfC7FcDf45B8FBeB08b8e,0xc6B8b1E3EFE8BE4dA79f3C2Cfc36d37d6F3DC8CB,0,288641,0.004863212,0.000001403722374892,1,migrateDelegatorData,"[""10""]",abi/Migrator.json
0x3b22f7553027b1b9d28c6a8958e73754d2f26d103206c5c27a36b4d79f71731b,24228118,2024-12-26T20:39:43.000Z,0xde25B73A7bDB51A0a6eCfC7FcDf45B8FBeB08b8e,0xc6B8b1E3EFE8BE4dA79f3C2Cfc36d37d6F3DC8CB,0,288641,0.004927823,0.000001422371758543,1,migrateDelegatorData,"[""3""]",abi/Migrator.json
0x514e0ba0ff9e483bbd89488f968b9bfaa208b1a5cbf83308beaf1049c5fc74fc,24228138,2024-12-26T20:40:23.000Z,0xde25B73A7bDB51A0a6eCfC7FcDf45B8FBeB08b8e,0xc6B8b1E3EFE8BE4dA79f3C2Cfc36d37d6F3DC8CB,0,315997,0.004942804,0.000001561911235588,1,migrateDelegatorData,"[""11""]",abi/Migrator.json
0x28301178b954f406a5c1459c51c86e5f0043513455f5b0df8513f130e6ef41ed,24228178,2024-12-26T20:41:43.000Z,0xde25B73A7bDB51A0a6eCfC7FcDf45B8FBeB08b8e,0xc6B8b1E3EFE8BE4dA79f3C2Cfc36d37d6F3DC8CB,0,315997,0.004942008,0.000001561659701976,1,migrateDelegatorData,"[""7""]",abi/Migrator.json
0xfbd999b819da9d15f3609d00f40b3a09bfd0e0629e0e0791be5dc4075a776ba4,24228195,2024-12-26T20:42:17.000Z,0xde25B73A7bDB51A0a6eCfC7FcDf45B8FBeB08b8e,0xc6B8b1E3EFE8BE4dA79f3C2Cfc36d37d6F3DC8CB,0,228737,0.004931271,0.000001127964134727,1,migrateDelegatorData,"[""22""]",abi/Migrator.json
0x82af908e7637f782e36a9eeafda3781dab3c01dc614efe7a09a33a963bf20615,24228210,2024-12-26T20:42:47.000Z,0xde25B73A7bDB51A0a6eCfC7FcDf45B8FBeB08b8e,0xc6B8b1E3EFE8BE4dA79f3C2Cfc36d37d6F3DC8CB,0,288641,0.004914941,0.000001418653485181,1,migrateDelegatorData,"[""8""]",abi/Migrator.json
0xfa70581b6e7bd2b6118ba4a16b8751c3c787c47a944fbb4458fd96a2184f315c,24228227,2024-12-26T20:43:21.000Z,0xde25B73A7bDB51A0a6eCfC7FcDf45B8FBeB08b8e,0xc6B8b1E3EFE8BE4dA79f3C2Cfc36d37d6F3DC8CB,0,288641,0.004882972,0.000001409425921052,1,migrateDelegatorData,"[""9""]",abi/Migrator.json
0x0f6b0fefd1d7392feeed1f68c1831b9cfcee1d5b247b3747472a9716145b25ee,24228245,2024-12-26T20:43:57.000Z,0xde25B73A7bDB51A0a6eCfC7FcDf45B8FBeB08b8e,0xd5Ed8EAb35536F8C33C38128087441218Df65B1C,0,585324,0.004859047,0.000002844116826228,1,redelegate,"[""33"",""11"",""3000000000000000000""]",abi/Staking.json
0x1db3e23e14bfbe1e3255a7cd96d23e9ae8143c56ad732e8318b13ed4ec7f9935,24228308,2024-12-26T20:46:03.000Z,0xde25B73A7bDB51A0a6eCfC7FcDf45B8FBeB08b8e,0xd5Ed8EAb35536F8C33C38128087441218Df65B1C,0,572198,0.004813674,0.000002754374635452,1,redelegate,"[""8"",""3"",""146380000000000000000""]",abi/Staking.json
0x6e72e1d435d11e5d40decb57d0aa846ab182e1ac9f22e179224cc3cd2a7044d8,24251890,2024-12-27T09:52:07.000Z,0x599C59081d9B673BBDdAfbc933B669aA84eA3eE1,0xd5Ed8EAb35536F8C33C38128087441218Df65B1C,0,471459,0.016133531,0.000007606298391729,1,requestWithdrawal,"[""38"",""8020000000000000000""]",abi/Staking.json
0xc93e837df7d6565d1682ab21575a3cf046d7a9ac54dcd0aa8070aebb110e5ebb,24262915,2024-12-27T15:59:37.000Z,0xb7ED501Cb5a6470cAF0B97085B00ddfaC601Bb59,0xc6B8b1E3EFE8BE4dA79f3C2Cfc36d37d6F3DC8CB,0,222843,0.007840355,0.000001747168229265,1,migrateDelegatorData,"[""38""]",abi/Migrator.json
0x92c6a28541c410759b68171ec43217bc6da67a985383d49bbaa4d81b4b8e34e1,24263186,2024-12-27T16:08:39.000Z,0xadc1d13ACf57EA12cdF14679177Fd669221ADF2c,0xc6B8b1E3EFE8BE4dA79f3C2Cfc36d37d6F3DC8CB,0,222843,0.009211919,0.000002052811665717,1,migrateDelegatorData,"[""38""]",abi/Migrator.json
0xcbdbba0c45e1458b4b09af941781ca0f2e9afca1f7a76de8b925d8a9a7dbf598,24263719,2024-12-27T16:26:25.000Z,0x50D55e6Ed4146425C52c26521FF14be90bd4d1A5,0xc6B8b1E3EFE8BE4dA79f3C2Cfc36d37d6F3DC8CB,0,169447,0.009511718,0.000001611732079946,1,migrateDelegatorData,"[""22""]",abi/Migrator.json
0x2749bb2e09d3c7ac889221a61705fa61944fa69d7f896b3814d00ed94abea094,24264218,2024-12-27T16:43:03.000Z,0x8dD0513D158508FF152b0Ad45562a22b39644359,0xc6B8b1E3EFE8BE4dA79f3C2Cfc36d37d6F3DC8CB,0,169447,0.009819924,0.000001663956662028,1,migrateDelegatorData,"[""22""]",abi/Migrator.json
0x1ef31b67492bc646ce33c975b99425719e2e9a35184da1b0651c3ddf4199054d,24269182,2024-12-27T19:28:31.000Z,0x374b415D15316a533A5816741A73d5b23Da975d1,0xc6B8b1E3EFE8BE4dA79f3C2Cfc36d37d6F3DC8CB,0,169447,0.011457216,0.000001941390879552,1,migrateDelegatorData,"[""38""]",abi/Migrator.json
0x4ddf617d0290c996426ff4dabd7606f950ae8e7b27b85a07510f3eac2d19753d,24269338,2024-12-27T19:33:43.000Z,0xB9cc1C3F5c1676921fCf94983b34191e9D0b2Fb5,0xc6B8b1E3EFE8BE4dA79f3C2Cfc36d37d6F3DC8CB,0,169447,0.011210113,0.000001899520017511,1,migrateDelegatorData,"[""38""]",abi/Migrator.json
0x403f891715bf2990f957d391e57b7aa63ddf608545120a9f29865aeeb41c3595,24269425,2024-12-27T19:36:37.000Z,0xf20878614c5F352B57Ad7B16785140e73e69D602,0xc6B8b1E3EFE8BE4dA79f3C2Cfc36d37d6F3DC8CB,0,161562,0.013271255,0.00000214413050031,1,migrateDelegatorData,"[""3""]",abi/Migrator.json
0x0c49024f88737c8938de5b7cf47d4909e461288423a39fd380afd6eac286834a,24269477,2024-12-27T19:38:21.000Z,0xf20878614c5F352B57Ad7B16785140e73e69D602,0xd5Ed8EAb35536F8C33C38128087441218Df65B1C,0,436742,0.016118056,0.000007039432013552,1,stake,"[""3"",""63400000000000000""]",abi/Staking.json
0x9a16099be7b859910912035fe473e34cb72f23212736f68fc59114b4866f4598,24270325,2024-12-27T20:06:37.000Z,0x4B6Bc71ce53a38a8146180C2Fa71F24b6b1b8FA8,0xc6B8b1E3EFE8BE4dA79f3C2Cfc36d37d6F3DC8CB,0,169447,0.01180983,0.00000200114026401,1,migrateDelegatorData,"[""38""]",abi/Migrator.json
0x7a21a771a51d4a202caaff3b7d42247efbbe3eebbb5585ea69b01dbe78d35318,24273336,2024-12-27T21:46:59.000Z,0x21CB95d9332c48C44Cf28A64B6415cfE833Fd811,0xc6B8b1E3EFE8BE4dA79f3C2Cfc36d37d6F3DC8CB,0,222843,0.024684747,0.000005500823075721,1,migrateDelegatorData,"[""22""]",abi/Migrator.json
0x66162c6af3e0e72cc0f462610f40d5e7606697f80910f1a3f1191d3f7b57d1c9,24273356,2024-12-27T21:47:39.000Z,0x21CB95d9332c48C44Cf28A64B6415cfE833Fd811,0xc6B8b1E3EFE8BE4dA79f3C2Cfc36d37d6F3DC8CB,0,217138,0.024652628,0.000005353022338664,1,migrateDelegatorData,"[""3""]",abi/Migrator.json
0x497fb76a9f5d7e866c85db990838b4b5d1b97e56405dda45aa4c35d4c55491e2,24273376,2024-12-27T21:48:19.000Z,0x21CB95d9332c48C44Cf28A64B6415cfE833Fd811,0xc6B8b1E3EFE8BE4dA79f3C2Cfc36d37d6F3DC8CB,0,207986,0.024671864,0.000005131402305904,1,migrateDelegatorData,"[""14""]",abi/Migrator.json
0x4f4f5b6972cf3b92e896801893bb5fdcd297be3b7b7a08beb0a7d2d490c60297,24298160,2024-12-28T11:34:27.000Z,0x83256B5188C52214A4892433fe324D69b7a3a37b,0x2F0dd0781F13aA24d3E3061E3AfB8a411fbc64d7,0,417002,0.014547535,0.00000606635119007,1,updateAsk,"[""37"",""1350000000000000""]",abi/Profile.json
0x75e50c0582e1e427820eb0c29250113414f7cda33ac5dc2ec9da4d573720d47c,24298188,2024-12-28T11:35:23.000Z,0x83256B5188C52214A4892433fe324D69b7a3a37b,0x2F0dd0781F13aA24d3E3061E3AfB8a411fbc64d7,0,417259,0.012123614,0.000005058687054026,1,updateAsk,"[""33"",""1350000000000000""]",abi/Profile.json
0x6380f9888448c23c88857808f90c1a1076f12e7ceb1d5339b0fe1b66a6935dd1,24298219,2024-12-28T11:36:25.000Z,0x83256B5188C52214A4892433fe324D69b7a3a37b,0x2F0dd0781F13aA24d3E3061E3AfB8a411fbc64d7,0,417516,0.012072457,0.000005040443956812,1,updateAsk,"[""31"",""1750000000000000""]",abi/Profile.json
0xb34c027b8560e2fe76aa79b2ccd600a53c5012712712de8333fb8a7a0f47642f,24318347,2024-12-28T22:47:21.000Z,0x2549393a45A63dc08Ecf6CB2C76710DcFC6832fD,0xc6B8b1E3EFE8BE4dA79f3C2Cfc36d37d6F3DC8CB,0,169447,0.004281206,7.25437513082e-7,1,migrateDelegatorData,"[""38""]",abi/Migrator.json
0xbd51ec6bc326a203a9acca916542eab7eeaafed1a64e71236167127f7f6369d5,24325981,2024-12-29T03:01:49.000Z,0xe522e310BC6c7944E868e7d33c764B8e3FC0F12c,0xd5Ed8EAb35536F8C33C38128087441218Df65B1C,0,481044,0.006644617,0.000003196353140148,1,stake,"[""38"",""167420900205661460455""]",abi/Staking.json
0x17ea432b0cb339a70f60d4b8b486bfb211012c9f5f40a9af294ab91a126a386e,24340875,2024-12-29T11:18:17.000Z,0xbE0ca4Dd84defFe3222614E7e5C23C0c0B61583F,0xd5Ed8EAb35536F8C33C38128087441218Df65B1C,0,507720,0.011635644,0.00000590764917168,1,stake,"[""33"",""20000000000000000000""]",abi/Staking.json
0xa67682112330b76ff287d437f8a19d1ee8dbeea7b1fc7e0e728e2068f590474b,24340981,2024-12-29T11:21:49.000Z,0xb7489f301092389CC327D90EFEAf18c253038951,0xc6B8b1E3EFE8BE4dA79f3C2Cfc36d37d6F3DC8CB,0,239943,0.011576799,0.000002777771882457,1,migrateDelegatorData,"[""33""]",abi/Migrator.json
0xb73074cf10e8923f25634615131c9bb883983e52062b89ea24f185e993b1eec1,24346767,2024-12-29T14:34:41.000Z,0xB7f85B3C095968165eC344cC9d7766D809278B13,0x2F0dd0781F13aA24d3E3061E3AfB8a411fbc64d7,0,400639,0.009372051,0.000003754809140589,1,updateAsk,"[""36"",""1400000000000000""]",abi/Profile.json
