delegator_address,node_identity_id,last_claimed_epoch
0x874d218e6d28534d7af5ff97674be65eda375b18,1,6
0xf19fdc795c314f1934210c5e60c0703c16866f7b,1,6
0xb7ed501cb5a6470caf0b97085b00ddfac601bb59,1,6
0x2796a1233b6919d833c98f210d4636dd1327c8ce,1,6
0x1f70ab7a96554f0cc1f6a4c57f2b244e8cba2f92,1,6
0x2e1b1e1e91318ea5a6a122b4f5bf07c562c59301,1,6
0xcf3f1e9d688283c105cf8301eecd905b23e9e807,1,6
0xba8368d2a17207638ddce6112f4ad03003a28f0a,1,6
0xaf0f64222a720840befd808e71f24365c3c66422,1,6
0xd75c8fdd2d14f53848abd34c7c9748dc3e78341a,1,6
0x851a88571af500482399cc2cc69d9edd48332638,1,6
0xadb1a76cdac5f9440dcab127f99af52ab4b996af,1,6
0xcce967d8f21b62c5eb3fc5040c1677ef4cde54ba,1,6
0x2284fb05b06133ceda72a81036b48c188aabd0dd,1,6
0x0e62bdc912a42367ae317ffd35c1b647c739c422,1,6
0x22b750c56a1e6e20799d470a8949896dc3f55c45,1,6
0x242bfa90a5160893c4926b7da5a17355d67f3ffc,1,6
0x42d9c67a77773fade2b14fb4aec95fbce61e23ee,1,6
0x4988a3caef629dc9369dd3909b035f74b7e728b2,1,6
0x53f2736fae551c998d4e72e519f1acf474264de4,1,6
0xa053d9d31596b505c7ba2129b31193a1c37473af,1,6
0xdd110f9167c16db2f71d9f3a47d47988a5e530ad,1,6
0xf1e085349d492a5546658e28a470055ced37c3f4,1,6
0xf46cd09fc1aec116a10a1092f78d2c3da02547f2,1,6
0xdc5387e655781d2c83067169e3cf395d8202f4d4,1,6
0x67f63eba2a4dc296237ffc11192c1f9769a646a8,1,6
0x42d9c67a77773fade2b14fb4aec95fbce61e23ee,2,6
0x42d9c67a77773fade2b14fb4aec95fbce61e23ee,3,6
0xf19fdc795c314f1934210c5e60c0703c16866f7b,5,6
0x7232af3552c83e646e4a43368ccde98c4433533f,5,6
0x1cb3b88fa6c79e4cc3163a04d5ae7862b600e55b,5,6
0xda3c72d83b40acd5301d8fcf30bf6648b0e6401b,5,6
0xcaecfcd6ce3d265b947d28d6e84b7164595ffa7a,5,6
0x7b1ba3b9b9f284619f2ded52ebabbb8cfe7ddbe9,5,6
0xaa6ac66852739b8b88f8e6605c0b0fa775d1ed61,5,6
0x4b5fffa39fa909d0742f4a8242b765ff3e7368bc,5,6
0x3f203b41906c0d099dc82b7c71adc27de4323001,5,6
0xdc5387e655781d2c83067169e3cf395d8202f4d4,5,6
0x22b750c56a1e6e20799d470a8949896dc3f55c45,5,6
0x39dcaafa2ebf43e8822a7ad308b26ec2a06cdcba,5,6
0x4366cdbfd0d5797e229103529c2db4adcfd755f1,5,6
0x6746a8efdc6b503e0cfef757288ff41fbd034070,5,6
0x737240ede9e72ac15eebd2cb9d41a3071870b82d,5,6
0x88f1706c20d94a4d1551c5f799c9e3380a24c3ac,5,6
0xb51da33b5b218225680fb18eefb82f7abd9814c8,5,6
0xb939053577269eeb39bceea2b9f99de05ba7668b,5,6
0xded9521912ee0afed354b6b4cdb47b9941c9cc2b,5,6
0xe6f432a24657324625caa044ce3767aad1d0a550,5,6
0x599c59081d9b673bbddafbc933b669aa84ea3ee1,7,0
0x874d218e6d28534d7af5ff97674be65eda375b18,7,6
0xf70a6bef1918334bad085e09f50237e10a45b220,7,6
0x599c59081d9b673bbddafbc933b669aa84ea3ee1,8,6
0xf19fdc795c314f1934210c5e60c0703c16866f7b,8,6
0xb508b13981aa0cc16ea83ee519b79b5d364e3463,8,6
0x599c59081d9b673bbddafbc933b669aa84ea3ee1,10,0
0x6447b9b40536436b42424a984876d7e3b858f8f7,10,6
0x874d218e6d28534d7af5ff97674be65eda375b18,10,6
0xb7ed501cb5a6470caf0b97085b00ddfac601bb59,10,6
0x6cf9518911f98be2f9b655efceccb4e988a33935,10,6
0x712ee4a3b10f4598e00d0f85b88d827d493d0940,10,6
0xfd1e8266e4896601c783e2b9bf8505f6a308cf09,10,6
0xe6b4accc6a58d5998ce7d0740e471e2cde0d3cfa,10,6
0x48e3d72961360c382548d42bb4dda346386bf01c,10,6
0xdcb9608edc5920f17df68a40f82d4c6d86942209,10,6
0x7f5aaf1bc0f5b2e2be88bd2294a8694c41ccd8d6,10,6
0x203cb60813c25fd26f064e676eed43aed4448c3c,10,6
0xeaaadc16d54d5a9d584478ec420166324323d652,10,6
0x3e23706eba2703a61694460e3b6a845758aec896,10,6
0x3f203b41906c0d099dc82b7c71adc27de4323001,10,6
0xf100f7514c1101b5d898b6a2bd0d04d620d85d65,10,6
0x5ad5d14fd858a729736aad114a25f89319f9a2d8,10,6
0x0e62bdc912a42367ae317ffd35c1b647c739c422,10,6
0x53f2736fae551c998d4e72e519f1acf474264de4,10,6
0xdd110f9167c16db2f71d9f3a47d47988a5e530ad,10,6
0xded9521912ee0afed354b6b4cdb47b9941c9cc2b,10,6
0x0b23cded376bcad8faaf345cf2e23991aa03829f,10,6
0x2e7797c30a53442d50a567ea451967c3411ce7aa,10,6
0x64b4086ae5ac4fd2a19dedf511f35c7666dc872f,10,6
0xa3e17f3559e7520fea3c87bbecb411c5199c359c,10,6
0xc0aea64654af4a0b51a9e3b791cc2512e76d88d7,10,6
0xc4e5b8eb0ad9e04d27a1f223ced57a17d549a6d3,10,6
0xe2279952dcc9bc80307faf048bdd80afed9ca663,10,6
0xe23b5fd78c7230ce4d1f414255789751f22f6d47,10,6
0xc40bca6fb415a0e1307c56fcb12329e6a16a78be,12,6
0x874d218e6d28534d7af5ff97674be65eda375b18,12,6
0x6cf9518911f98be2f9b655efceccb4e988a33935,12,6
0x4c9be7044779ff6713238ad5ce60298c78314c7a,12,6
0x2549393a45a63dc08ecf6cb2c76710dcfc6832fd,12,6
0x533cea0111aad10cb8ebedfcf992556a8da1daf1,12,6
0x4d8ae772132ce83301e07457f12ea74b6ddccc93,12,6
0xbc4474161cc3f712f4c5f0e5f481ac7a82fed52f,12,6
0xc5dc925205346ab8cb774fecb316fd7ad7b78c6b,12,6
0x961debf98ecfc3085554ff217d235ce1cb445be9,12,6
0xa058f05a1a54c7fc473fe6169b5cb9e83aa0a68f,12,6
0x86de4d5e5498b0d635c29e187d38c6f0be76889a,12,6
0x42d9c67a77773fade2b14fb4aec95fbce61e23ee,12,6
0x23852ad4213645013e5b073738a8514f88ecf5be,12,6
0x71d7d9836884ab6801160f3f12063b262f44fe7a,12,6
0x8cea81b7f23a0f56cd98a76cc9a82f2970ba1f7e,12,6
0xb31fb8f1629fd1523bbd4f0aef474bece3e3453e,12,6
0x874d218e6d28534d7af5ff97674be65eda375b18,13,6
0x9b3a67c038cd22c8eda541061c213f3099650ea4,13,6
0xe23a6b2ec7954704422afe8c4c422803928408ba,13,6
0x48e3d72961360c382548d42bb4dda346386bf01c,13,6
0xaa6ac66852739b8b88f8e6605c0b0fa775d1ed61,13,6
0x7457667ee63bca3c134f246af687091e7e259bc2,13,6
0x37d0ab7f87c6790a53f6ac8ab3950bc6f77bb9bd,13,6
0x3f0c43a28e2ff930d194a42b97dfe2ae06c5f5ec,13,6
0x0e62bdc912a42367ae317ffd35c1b647c739c422,13,6
0x22b750c56a1e6e20799d470a8949896dc3f55c45,13,6
0x42d9c67a77773fade2b14fb4aec95fbce61e23ee,13,6
0xdd110f9167c16db2f71d9f3a47d47988a5e530ad,13,6
0xb939053577269eeb39bceea2b9f99de05ba7668b,13,6
0x6f4ebbba78f679c5eb4ddcb53d9051079113c5de,13,6
0xd1effd61437e29b12788f1914da6da3c98932352,13,6
0x599c59081d9b673bbddafbc933b669aa84ea3ee1,16,0
0x48ed67c359e46d6ad9173de87d6e7f45b56de3a0,16,6
0x67bcf422cf756d34f8abaede9082391e0f460374,16,6
0x70978f453c9ac86817bb4ae2fe3fb985f3aa5c0a,16,6
0xc3bd46c54286cd0bd386eee8000ac3db0cafad01,16,6
0x48e3d72961360c382548d42bb4dda346386bf01c,16,6
0xda3c72d83b40acd5301d8fcf30bf6648b0e6401b,16,6
0x1f70ab7a96554f0cc1f6a4c57f2b244e8cba2f92,16,6
0x07ceae37d0cff6baeb729b885e36527bd123baeb,16,6
0x09f331cddd8b2a3eac1169e938133371c3fce528,16,6
0xc6e93ef0f898626928fcb7f5c8563afa3d303d8d,16,6
0x42d9c67a77773fade2b14fb4aec95fbce61e23ee,16,6
0xa053d9d31596b505c7ba2129b31193a1c37473af,16,6
0x1eff243cc9f239e69df647a2d2be0b536c3b42a0,16,6
0x24a69b6034ebbd70a215234e48e5a87515bdbecd,16,6
0x98e7d41cb1822fc5e86f41c0290561cffcf87e99,16,6
0xf92ae35665eee1ec37ea88ff7669f34ac14a7c6c,16,6
0xcce967d8f21b62c5eb3fc5040c1677ef4cde54ba,16,6
0x67f63eba2a4dc296237ffc11192c1f9769a646a8,16,6
0x874d218e6d28534d7af5ff97674be65eda375b18,17,6
0xc3bd46c54286cd0bd386eee8000ac3db0cafad01,17,6
0x2b2616a7f474554ac4dac7b23d020b02525ab6bb,17,6
0xfe8c1e0d733815bdd889144ea721a39b44fda866,17,6
0x44b1bae7719350aaf9b91215332de4eea239fe8a,17,6
0xe58204e201456ac0c595f66ab0aa35fb9c55d461,17,6
0x6f4345bca4ac638d80db7da11cf735bff189c2c8,17,6
0xb7489f301092389cc327d90efeaf18c253038951,17,6
0xeb4f3983e82fc975d87132aee780e893eb8fec08,17,6
0x3008f3c33fefb6f0fafd749cac0101f326a7cfb3,17,6
0x48e3d72961360c382548d42bb4dda346386bf01c,17,6
0xcaecfcd6ce3d265b947d28d6e84b7164595ffa7a,17,6
0xcf3f1e9d688283c105cf8301eecd905b23e9e807,17,6
0xaa6ac66852739b8b88f8e6605c0b0fa775d1ed61,17,6
0xb98bd08341ea110088d2bce3ca09ac9ad18290cf,17,6
0xd75c8fdd2d14f53848abd34c7c9748dc3e78341a,17,6
0x476bb16b25d552485bb1e2441aa06bd329d903be,17,6
0xadb1a76cdac5f9440dcab127f99af52ab4b996af,17,6
0x3f203b41906c0d099dc82b7c71adc27de4323001,17,6
0x613f0b91a8e9ebcb8ddd527136bc21caad2c4981,17,6
0x37d0ab7f87c6790a53f6ac8ab3950bc6f77bb9bd,17,6
0x3f0c43a28e2ff930d194a42b97dfe2ae06c5f5ec,17,6
0x22b750c56a1e6e20799d470a8949896dc3f55c45,17,6
0x10c7aafb769bec2db2a872d9019d2c70f85a618c,17,6
0x12c7ee5ccae17bf92ecd80933587f9b40430fcb1,17,6
0x4b096f14938a5bf00dda4ae63fa5c079c658b8a8,17,6
0x51bc3dd10a9ee4946f961038cf5d50057e49eb77,17,6
0x88e6f41c171c823c2e9242f9ec4dbf8b544b39c0,17,6
0xa38c19d25ad4001a901c1e2c9df689c4bc14c222,17,6
0xb7cb2610712e9c7b4dc21752e196b1d893944d13,17,6
0xce8453cc4200c37b25fef3c8c90f544d1370e248,17,6
0x95420c8f22c95e94f0c443d4c075b819644014b0,17,6
0xc6e93ef0f898626928fcb7f5c8563afa3d303d8d,17,6
0x42d9c67a77773fade2b14fb4aec95fbce61e23ee,18,6
0xef1718b4e84b47a63ec9fe66eb2a787b33c3989b,18,6
0xcc5ef20cffe5c184892e9302d879b189f7c7da53,20,6
0x48ed67c359e46d6ad9173de87d6e7f45b56de3a0,24,6
0x712ee4a3b10f4598e00d0f85b88d827d493d0940,24,6
0x2b2616a7f474554ac4dac7b23d020b02525ab6bb,24,6
0x5ef5d89ab637d941a82fc30872abebec02d3e3f1,24,6
0xe6b4accc6a58d5998ce7d0740e471e2cde0d3cfa,24,6
0xe8e5085a60e25fd706d3e070551d5bfd958effbb,24,6
0x4b5fffa39fa909d0742f4a8242b765ff3e7368bc,24,6
0xc6e93ef0f898626928fcb7f5c8563afa3d303d8d,24,6
0x7ee578d876f9ef1d1deb2678ad9538e9a0ca4db0,24,6
0xbdd13fdcac67c73f167c30a90a51bd93e22f7241,24,6
0x873b0d0b5de0cca15a7e7406bc573eb4e4f567ef,24,6
0x22b750c56a1e6e20799d470a8949896dc3f55c45,24,6
0x7b861ed96cbd628948f83fb097fb6433ca841545,24,6
0xf19fdc795c314f1934210c5e60c0703c16866f7b,25,6
0x6cf9518911f98be2f9b655efceccb4e988a33935,25,6
0x31637facefbb72ba93679e282378148d18bd4276,25,6
0x42d9c67a77773fade2b14fb4aec95fbce61e23ee,25,6
0x2ca389eb130ca46a49557b054584423a12175146,25,6
0x5cd5a90c589e7bf5c939704ce7e36653bc92679f,25,6
0xc78912c51453b5a662411fbe86fc10b3af3a0aaa,25,6
0x48ed67c359e46d6ad9173de87d6e7f45b56de3a0,26,6
0xf19fdc795c314f1934210c5e60c0703c16866f7b,26,6
0x18405396c4cec8447e74d408fabef1a9c2dc6269,26,6
0x6cf9518911f98be2f9b655efceccb4e988a33935,26,6
0xc3bd46c54286cd0bd386eee8000ac3db0cafad01,26,6
0x067a421166c931db7204bc3008e16983c1028eb8,26,6
0x4c9be7044779ff6713238ad5ce60298c78314c7a,26,6
0x69ec70645d69a75d21b6b3d4c40363131c1e30e6,26,6
0xdff199c986eca54263b031c1528e3c2c77a293d6,26,6
0x7232af3552c83e646e4a43368ccde98c4433533f,26,6
0x98a96425b337c80bc9e2bd493a65e7546be8daae,26,6
0x7556e6208491aa331026dd781ade541cabbfa176,26,6
0x1cb3b88fa6c79e4cc3163a04d5ae7862b600e55b,26,6
0x34446d2b12bcb468403386be511ea857e41d5c04,26,6
0xe23a6b2ec7954704422afe8c4c422803928408ba,26,6
0x48e3d72961360c382548d42bb4dda346386bf01c,26,6
0x0dff74d0e2ba5ac1e8eb10e22e795003cc5bfad3,26,6
0x95fe996af6d08933b563b198c3a9bfe91c61c4e9,26,6
0xda3c72d83b40acd5301d8fcf30bf6648b0e6401b,26,6
0x4cbd07e1b723ec2334c5c33dfc92da94cbf8994c,26,6
0xcaecfcd6ce3d265b947d28d6e84b7164595ffa7a,26,6
0x50cb01e6998192c40367637feb61ce6cff575214,26,6
0xf99f7ec305ba1baefa8879ef93cedecfad0815d7,26,6
0xaa6ac66852739b8b88f8e6605c0b0fa775d1ed61,26,6
0x7a0b2557b94e65d8bf16e3511f2bb9aaf62d33d1,26,6
0x95420c8f22c95e94f0c443d4c075b819644014b0,26,6
0xe9ece9221c6ddbcf943f84436d60f15879f3bb2e,26,6
0x8862dc6ed689996bed3783acaab21e0c81b6d305,26,6
0x691447b33b309a15aae73f0209159c61b59eddf7,26,6
0xbf0b7bcb58ed411f702526c5307760d38a7682ce,26,6
0xc6e93ef0f898626928fcb7f5c8563afa3d303d8d,26,6
0xd6926be19705147adf5f4fb06322a5b46ba3a9cc,26,6
0xab543dffa0e9eb2f8ed3a46af9e9923fa4b168a1,26,6
0x3f203b41906c0d099dc82b7c71adc27de4323001,26,6
0x613f0b91a8e9ebcb8ddd527136bc21caad2c4981,26,6
0xba39cb790834d441e625f5e361d0366fa7c1603e,26,6
0xb69d57ecda4ceffaef277a98023777af34aaa995,26,6
0xcce967d8f21b62c5eb3fc5040c1677ef4cde54ba,26,6
0x2284fb05b06133ceda72a81036b48c188aabd0dd,26,6
0x37d0ab7f87c6790a53f6ac8ab3950bc6f77bb9bd,26,6
0x0e62bdc912a42367ae317ffd35c1b647c739c422,26,6
0x42d9c67a77773fade2b14fb4aec95fbce61e23ee,26,6
0xf46cd09fc1aec116a10a1092f78d2c3da02547f2,26,6
0x4366cdbfd0d5797e229103529c2db4adcfd755f1,26,6
0xb939053577269eeb39bceea2b9f99de05ba7668b,26,6
0xb31fb8f1629fd1523bbd4f0aef474bece3e3453e,26,6
0x6f4ebbba78f679c5eb4ddcb53d9051079113c5de,26,6
0x65aa35353fe7a6beaeaaba1b46e3fd5b0816d4c5,26,6
0x6d6c1f43d4a94ce113bbe82655f24faf94f1d478,26,6
0x7c791910960d0fa63e3b6c9dd54dcbf4a9c6c69f,26,6
0x9157e2b9c9b8ba52c14e178ea08ba0ba2a184d9a,26,6
0xa8d3d6889053e880f57638ac71db049ba7c404ba,26,6
0xbe2488ee9c4b4f5b357b511b70bbe2fbac321dad,26,6
0xc4be47ff997157ea1a869ce1442eca889121bcf3,26,6
0xd250fcfa9d50692f88913b0d14b8381a0e7c3e25,26,6
0xde704a64c1c5c35eebfab2906f3081ce6355ae2c,26,6
0xe86c25e6d4a9780a49095be1dadbef890d218129,26,6
0xf7b8bfb1c2d7185bd804584d15104b71b695840c,26,6
0xfb965e02dd06121db86416774c78b176805e0eec,26,6
0xed85ace7cc10b996a84905e5635f25228de8df6a,26,6
0xcb8968bd598ad69af959ee4fca39aa2bb1fd5aa5,26,6
0x599c59081d9b673bbddafbc933b669aa84ea3ee1,27,0
0x6447b9b40536436b42424a984876d7e3b858f8f7,27,6
0x67bcf422cf756d34f8abaede9082391e0f460374,27,6
0x6cf9518911f98be2f9b655efceccb4e988a33935,27,6
0x63d28071c1574277b5fd8f11886ade869a660fc9,27,6
0x31637facefbb72ba93679e282378148d18bd4276,27,6
0x44b1bae7719350aaf9b91215332de4eea239fe8a,27,6
0x7232af3552c83e646e4a43368ccde98c4433533f,27,6
0x984e58e26985a24ecf7b424281a230b26dc81dd5,27,6
0xb7489f301092389cc327d90efeaf18c253038951,27,6
0xd28b3107724e066264f735ffedaad0d5f35a426c,27,6
0x14d761b2c84d99c2b9f8af3206dd8d764ed89d81,27,6
0x3008f3c33fefb6f0fafd749cac0101f326a7cfb3,27,6
0x0dff74d0e2ba5ac1e8eb10e22e795003cc5bfad3,27,6
0xe73f65cc6d98da84a875158648df19ef048a71f9,27,6
0xda3c72d83b40acd5301d8fcf30bf6648b0e6401b,27,6
0x29cc51eaa144fdb97c8a073a3ea208ad14f7142f,27,6
0x36c15170088e6867fb2d3b14dd7e05dfdd6d7f0f,27,6
0x7a0b2557b94e65d8bf16e3511f2bb9aaf62d33d1,27,6
0x23a881e335a116e8edf04ad2c254ed10ce489abf,27,6
0x5ab911005b61d26420278f97f8694b59d1501ba8,27,6
0xd75c8fdd2d14f53848abd34c7c9748dc3e78341a,27,6
0x851a88571af500482399cc2cc69d9edd48332638,27,6
0xc2a4d6d2cddd3280ff22440cab6c3e44d4f774d9,27,6
0xc6e93ef0f898626928fcb7f5c8563afa3d303d8d,27,6
0xeec02832cdbd8a88267094b73e56a7e6d9cb8c6a,27,6
0xdc5387e655781d2c83067169e3cf395d8202f4d4,27,6
0x873b0d0b5de0cca15a7e7406bc573eb4e4f567ef,27,6
0x3902f114088ac61b054ee5904c390183abacb2b1,27,6
0x42d9c67a77773fade2b14fb4aec95fbce61e23ee,27,6
0x39dcaafa2ebf43e8822a7ad308b26ec2a06cdcba,27,6
0xe6f432a24657324625caa044ce3767aad1d0a550,27,6
0x23852ad4213645013e5b073738a8514f88ecf5be,27,6
0xb31fb8f1629fd1523bbd4f0aef474bece3e3453e,27,6
0x4b096f14938a5bf00dda4ae63fa5c079c658b8a8,27,6
0x51bc3dd10a9ee4946f961038cf5d50057e49eb77,27,6
0xc78912c51453b5a662411fbe86fc10b3af3a0aaa,27,6
0xc4be47ff997157ea1a869ce1442eca889121bcf3,27,6
0xfb965e02dd06121db86416774c78b176805e0eec,27,6
0x006897e52eccdc802e7c19c88518b338f93bb2a8,27,6
0x0c00ae63e531f01daac080fbd53b4ef7e7bdd422,27,6
0x245f18b5d23d8a37412438d6c2c81efbe59673f0,27,6
0x2828bfc9bcc2670316827cbffcb49e8e5604d741,27,6
0x399f26e0a3d9e223c7437c6aabdabc57b5a838cb,27,6
0x45bb1b43d178628a436d447e08e3cc044c737534,27,6
0x497583c2124441cb9387adc81759fc0950cb6ed8,27,6
0x4d2c06203125ca34e067c39b7178fea6f1d1504c,27,6
0x502d629728b9c461726beee240f89c5d82c5f1c5,27,6
0x50a3c110fc546fa9a6a3762aa97cffdfa106ef53,27,6
0x5a9b15ac8395293fe22af77c9297d1c4c71a4e07,27,6
0x6c971778a43da24bd583a4256da91e020be707ab,27,6
0x7588eee2109b499d2019c8d419e8326e4f54f3e0,27,6
0x7c7406263754fd33c365adcff20c0c50f2417204,27,6
0x8757406c293bdf16a19aa3f97e7d4139797d4ccb,27,6
0x880e0b51ead542e182df85a74972e0cc066e7b87,27,6
0x887cc8b84cbe6ccca60697a629b038a2c686afff,27,6
0x8d6fc7c57871aef0aa3a2a465301af5ec20a54eb,27,6
0x94b07c199b03ec7dce98795899c5d08099a25e1f,27,6
0x9d41eccedd6911c60c523d528a326f0dc2b59f4e,27,6
0x9f16bbe53cd85e44d5e83caf7421316f7e81c8cf,27,6
0xa84d3681260939166674043992530dc053d32911,27,6
0xb45715a2ece9715b764e7084718d793e371678f5,27,6
0xbf49b454818783d12bf4f3375ff17c59015e66cb,27,6
0xde4e78acaa067e90a9be621dac6469b6ec1e73a3,27,6
0x42d9c67a77773fade2b14fb4aec95fbce61e23ee,28,6
0x42d9c67a77773fade2b14fb4aec95fbce61e23ee,29,6
0x95fe996af6d08933b563b198c3a9bfe91c61c4e9,32,6
0xda3c72d83b40acd5301d8fcf30bf6648b0e6401b,32,6
0x2e1b1e1e91318ea5a6a122b4f5bf07c562c59301,32,6
0xaf0f64222a720840befd808e71f24365c3c66422,32,6
0xe1abc585a258454095357442e2a709f980d4e6fa,32,6
0x0e54b1913426ad5588dd9363ecf80abd288a4a89,32,6
0x23a881e335a116e8edf04ad2c254ed10ce489abf,32,6
0x3078c02fdf27a008bfb7eeea3cd5776acc892612,33,6
0xb31fb8f1629fd1523bbd4f0aef474bece3e3453e,34,6
0x22b750c56a1e6e20799d470a8949896dc3f55c45,35,6
0x6f4ebbba78f679c5eb4ddcb53d9051079113c5de,35,6
0x7b861ed96cbd628948f83fb097fb6433ca841545,35,6
0x0822c61a35614cf3acf5978ad82ec0ff61a07bcb,35,6
0x4609ffd1d9bc8ebeeb048834721dbe43e420e528,36,6
0x599c59081d9b673bbddafbc933b669aa84ea3ee1,37,0
0x70af35bdffe4b2d98824d1db6022525ef65ffafd,37,6
0xb43c5279e3b5322d8cbfb617be310c37870bb8cb,37,6
0x175437b00da09f18d89571b95a41a15aa8415eba,37,6
0x6f4345bca4ac638d80db7da11cf735bff189c2c8,37,6
0xbcdaf14f7966522ca3a8a282aa3a13b1772d1dca,37,6
0x984e58e26985a24ecf7b424281a230b26dc81dd5,37,6
0x896930e77cdf937b26ad5fa0f8e5957616f496e2,37,6
0x3008f3c33fefb6f0fafd749cac0101f326a7cfb3,37,6
0x95fe996af6d08933b563b198c3a9bfe91c61c4e9,37,6
0xda3c72d83b40acd5301d8fcf30bf6648b0e6401b,37,6
0x02c39cc9dc7b63ab6fdac41f905dcd5113cf01b0,37,6
0x1f70ab7a96554f0cc1f6a4c57f2b244e8cba2f92,37,6
0xd44976676b7928c3430bb3d68c4a909ff6d7856b,37,6
0x29cc51eaa144fdb97c8a073a3ea208ad14f7142f,37,6
0x4cbd07e1b723ec2334c5c33dfc92da94cbf8994c,37,6
0xe304666cbbf6f836fb97f235999b17352b74cac7,37,6
0x3b2998a618b2a87f8ee67ef7b4c870f3cd4d31d8,37,6
0x58214ca260a6344c0ca8f465cd33cd516fe5a3f7,37,6
0x38df5eab959095f4589686f4d725c7d0a7ba8f75,37,6
0xcf3f1e9d688283c105cf8301eecd905b23e9e807,37,6
0x3e23706eba2703a61694460e3b6a845758aec896,37,6
0x95bf08839ca5fa3d41f66719d5582293def70454,37,6
0x4b5fffa39fa909d0742f4a8242b765ff3e7368bc,37,6
0x38f7f812b7b08de4add709c98a4891f08ddd5666,37,6
0x851a88571af500482399cc2cc69d9edd48332638,37,6
0xc2a4d6d2cddd3280ff22440cab6c3e44d4f774d9,37,6
0x34db6bbbc86bfb7c875bd72e4d2f075e9f9795c9,37,6
0xf70a6bef1918334bad085e09f50237e10a45b220,37,6
0x0e54b1913426ad5588dd9363ecf80abd288a4a89,37,6
0x3af16178664dd4b2500c9d02c53347e86b3e7873,37,6
0x3902f114088ac61b054ee5904c390183abacb2b1,37,6
0x3e7aa069b179ceb803d2c63b32532d8936545caa,37,6
0x37d0ab7f87c6790a53f6ac8ab3950bc6f77bb9bd,37,6
0x3f0c43a28e2ff930d194a42b97dfe2ae06c5f5ec,37,6
0x0e62bdc912a42367ae317ffd35c1b647c739c422,37,6
0x42d9c67a77773fade2b14fb4aec95fbce61e23ee,37,6
0x23852ad4213645013e5b073738a8514f88ecf5be,37,6
0xb31fb8f1629fd1523bbd4f0aef474bece3e3453e,37,6
0x1eff243cc9f239e69df647a2d2be0b536c3b42a0,37,6
0xbe2488ee9c4b4f5b357b511b70bbe2fbac321dad,37,6
0x399f26e0a3d9e223c7437c6aabdabc57b5a838cb,37,6
0x8757406c293bdf16a19aa3f97e7d4139797d4ccb,37,6
0x9d41eccedd6911c60c523d528a326f0dc2b59f4e,37,6
0x0689225502484e7a4ce1eaecd428fed4cd8c80df,37,6
0x15fb23a126174348e4ff03f217530bc01c681891,37,6
0x2799ee83d02761b7881aaa174d1c73163e1764c3,37,6
0x788b91a42fe8d91536881ae28bfcf4dd56605d7c,37,6
0x840d11b8cfd350c930af8e3642f576dc8a101428,37,6
0xab7e112fcdaf26baac2cab135c9655f748318cc5,37,6
0xd4d80c5889b8863811a06163ed065241f298b95a,37,6
0xd571113086368254787902e2a0d8fd9122e0a1cd,37,6
0x593c04cebef88b6cb85526fb4c9eac57769da720,37,6
0x67f63eba2a4dc296237ffc11192c1f9769a646a8,37,6
0x599c59081d9b673bbddafbc933b669aa84ea3ee1,38,6
0x31637facefbb72ba93679e282378148d18bd4276,38,6
0xfe8c1e0d733815bdd889144ea721a39b44fda866,38,6
0x2549393a45a63dc08ecf6cb2c76710dcfc6832fd,38,6
0x984e58e26985a24ecf7b424281a230b26dc81dd5,38,6
0x14d761b2c84d99c2b9f8af3206dd8d764ed89d81,38,6
0x1411081c256e54ec0f6f6bc7b4936d7f2e3c0271,38,6
0xe304666cbbf6f836fb97f235999b17352b74cac7,38,6
0x58214ca260a6344c0ca8f465cd33cd516fe5a3f7,38,6
0x2e1b1e1e91318ea5a6a122b4f5bf07c562c59301,38,6
0x1edb87f1510622845b12853d11c7dfaaf14494e8,38,6
0x38df5eab959095f4589686f4d725c7d0a7ba8f75,38,6
0x00bc1acbf18de6b09cc7a78d20a0e22a63bcc494,38,6
0xc37f44186703a322aaf77e8c7abf5d96d0446e1e,38,6
0x23a881e335a116e8edf04ad2c254ed10ce489abf,38,6
0x2dfec97f3221da9d9bccb6d2f706ad1b53411454,38,6
0x94def13cfb8baf13c62d18b14e402616a25ad444,38,6
0x0e54b1913426ad5588dd9363ecf80abd288a4a89,38,6
0xab543dffa0e9eb2f8ed3a46af9e9923fa4b168a1,38,6
0x3f203b41906c0d099dc82b7c71adc27de4323001,38,6
0xdc5387e655781d2c83067169e3cf395d8202f4d4,38,6
0x3902f114088ac61b054ee5904c390183abacb2b1,38,6
0xb51da33b5b218225680fb18eefb82f7abd9814c8,38,6
0x10c7aafb769bec2db2a872d9019d2c70f85a618c,38,6
0x0689225502484e7a4ce1eaecd428fed4cd8c80df,38,6
0x077332f0da13d000f13a62f88532943822673ea0,38,6
0x102547bd0075f7228f351452f762be6047356814,38,6
0x1f26633a2de2dbd66950f5f821781ee852e7a04d,38,6
0x61e8ca6805d0dec29e156ab57042fa3a11a06187,38,6
0x77dae4bcb3bfe1458ab0e2e92c3667433c6f67f5,38,6
0xab9ff3b61c1fbc40d1ac6610b3b1093805165fb9,38,6
0x6447b9b40536436b42424a984876d7e3b858f8f7,39,6
0x50d55e6ed4146425c52c26521ff14be90bd4d1a5,39,6
0x6cf9518911f98be2f9b655efceccb4e988a33935,39,6
0x34446d2b12bcb468403386be511ea857e41d5c04,39,6
0xb598c060ef2b844286ed60e2eb5058dc69a2ad84,39,6
0x24393a7e6b782762567d97e3800601eb7f8e80a5,39,6
0x2e1b1e1e91318ea5a6a122b4f5bf07c562c59301,39,6
0x2c3d48240ca1f544ff71ab11f0ba80da277c539f,39,6
0xf3057792478fdf9f2899af41a6366e767ed89961,39,6
0x930ad55a9330b53d14001ab0cbe017da83d1d331,39,6
0x07ceae37d0cff6baeb729b885e36527bd123baeb,39,6
0x7a0b2557b94e65d8bf16e3511f2bb9aaf62d33d1,39,6
0xe75db83e99b88fe621620ad51137a959c8f43f6d,39,6
0x3e23706eba2703a61694460e3b6a845758aec896,39,6
0x23a881e335a116e8edf04ad2c254ed10ce489abf,39,6
0xbf0b7bcb58ed411f702526c5307760d38a7682ce,39,6
0xa63c0a4fe845e2a755b197953b193b56ede0b75a,39,6
0xe390c583024720a3cf610ed6fbecb0f8a9e53c1e,39,6
0xb4208e12c77788d4f51e8204a2408a9469fe89c4,39,6
0x6b06fb68bff1baa72f668c2705efadb888269374,39,6
0xfa24290d3dae3170bd4fc2ca5e3698af9e1986e6,39,6
0x4f1bc75be790b26341eaef70f788fd3a94474e2f,39,6
0x96b915f7f8e2111a8a2123f5d0ef6dccc74e9069,39,6
0x73bd57e45b16cdcf75b7775b9605304a7f659483,39,6
0x5ad5d14fd858a729736aad114a25f89319f9a2d8,39,6
0x42d9c67a77773fade2b14fb4aec95fbce61e23ee,39,6
0x8cea81b7f23a0f56cd98a76cc9a82f2970ba1f7e,39,6
0xb31fb8f1629fd1523bbd4f0aef474bece3e3453e,39,6
0x61e8ca6805d0dec29e156ab57042fa3a11a06187,39,6
0x1a4b7b5e62b4b2db338b6cb4bea4e34e37fb3573,39,6
0x5a1da3e17b415d912cc34d92f9ce275eac1b5cc6,39,6
0x7ba439cb6043f603eb7fdad70f873b566690cf07,39,6
0x990a26caf47319ab09f8a11d79e1b3b5e67731bb,39,6
0x42d9c67a77773fade2b14fb4aec95fbce61e23ee,40,6
0x3ea854e9f4b28f3a48634ad4cd60e3ae014a0f9e,43,6
0x42d9c67a77773fade2b14fb4aec95fbce61e23ee,43,6
0x599c59081d9b673bbddafbc933b669aa84ea3ee1,44,6
0xfe8c1e0d733815bdd889144ea721a39b44fda866,44,6
0x42d9c67a77773fade2b14fb4aec95fbce61e23ee,47,6
0x599c59081d9b673bbddafbc933b669aa84ea3ee1,48,0
0x7232af3552c83e646e4a43368ccde98c4433533f,48,6
0x0e62bdc912a42367ae317ffd35c1b647c739c422,48,6
0x599c59081d9b673bbddafbc933b669aa84ea3ee1,49,0
0x712ee4a3b10f4598e00d0f85b88d827d493d0940,49,6
0x6c4b96cfce013c8d63da25f7227cbbb350feb6e3,49,6
0x1473fceaab73108f17463a75a62d16eb77edee95,49,6
0xea58f70f78302ae7e43a13e0617b66fbb49c15d7,49,6
0x0e62bdc912a42367ae317ffd35c1b647c739c422,49,6
0x54e8e41b7620a49b2451634d9fd56650f0835bb6,49,6
0xcd97c87a7cf6b7292ecaebf2180eab7cc168a77e,49,6
0x0e62bdc912a42367ae317ffd35c1b647c739c422,50,6
0x02cc95b317ffff75878a8508885ae4842c6d2694,50,6
0x0e62bdc912a42367ae317ffd35c1b647c739c422,51,6
0x874d218e6d28534d7af5ff97674be65eda375b18,52,6
0x0e62bdc912a42367ae317ffd35c1b647c739c422,52,6
0x42d9c67a77773fade2b14fb4aec95fbce61e23ee,52,6
0xb31fb8f1629fd1523bbd4f0aef474bece3e3453e,52,6
0x02cc95b317ffff75878a8508885ae4842c6d2694,52,6