block_number,block_timestamp,tx_index,msg_sender,transaction_hash,contract_name,function_name,function_inputs,processed,error
24318347,1735426041,64,0x2549393a45A63dc08Ecf6CB2C76710DcFC6832fD,0xb34c027b8560e2fe76aa79b2ccd600a53c5012712712de8333fb8a7a0f47642f,Migrator,migrateDelegatorData,"[""38""]",false,
24325981,1735441309,48,0xe522e310BC6c7944E868e7d33c764B8e3FC0F12c,0xbd51ec6bc326a203a9acca916542eab7eeaafed1a64e71236167127f7f6369d5,Staking,stake,"[""38"",""167420900205661460455""]",false,
24340875,1735471097,62,0xbE0ca4Dd84defFe3222614E7e5C23C0c0B61583F,0x17ea432b0cb339a70f60d4b8b486bfb211012c9f5f40a9af294ab91a126a386e,Staking,stake,"[""33"",""20000000000000000000""]",false,
24347307,1735483961,103,0x047d912410759a0824cfad69a134df0172dbc067,0xfcf2c531ec4a362ef6f8fd614d946f5159663928308c2a30890564eabeeaaf4d,Staking,stake,"[""38"",""2083543073369909585000""]",false,
24347372,1735484091,227,0x047d912410759a0824cfad69a134df0172dbc067,0x7335bf4031abf0d4cebefe4471acfeae1c4f9213287dbcf62915d859ff96df4a,Staking,redelegate,"[""38"",""33"",""2083543073369909585000""]",false,
24360120,1735509587,354,0x047d912410759a0824cfad69a134df0172dbc067,0xf80a131a93d357c0879b9d53760c03c10caf9b4c592f33b0c6d6d8892223747c,Staking,redelegate,"[""33"",""22"",""2083543073369909585000""]",false,
24363026,1735515399,58,0x0Fdc04008DfD76D6b63037F56f63b48A06577606,0x3129a27b1de105d1803fbcf337996e2ca499b40b379b74bc66ebfa21ee037d5e,Staking,stake,"[""38"",""6704853489611081000""]",false,
24399217,1735587781,89,0x3008f3C33FeFB6f0FafD749caC0101F326A7cfb3,0x9a6b1dbd580ca277cf15cf393c70d08d9b280a6c9e84a6af1714aebcb86bdd9d,Migrator,migrateDelegatorData,"[""37""]",false,
24399235,1735587817,97,0x3008f3C33FeFB6f0FafD749caC0101F326A7cfb3,0x9eae001401ae9f2b387264c43d3eb2d8b0251399042cea579ec0f9cb7666e66d,Migrator,migrateDelegatorData,"[""33""]",false,
24399251,1735587849,91,0x3008f3C33FeFB6f0FafD749caC0101F326A7cfb3,0x721a9d4c815e1c1373a6eb302ca1017418a569997c1900d4e5ecd4b8170cca15,Migrator,migrateDelegatorData,"[""31""]",false,
24399271,1735587889,114,0x3008f3C33FeFB6f0FafD749caC0101F326A7cfb3,0xae303f3b3b69e82781e86a4610f02d237e018504d1965dfd05ec79f0c8c9c2ab,Migrator,migrateDelegatorData,"[""22""]",false,
24399284,1735587915,113,0x3008f3C33FeFB6f0FafD749caC0101F326A7cfb3,0x616d47955b6c82c6bb93bbc06825062add093956629303b0cfbc8260fd85cf76,Migrator,migrateDelegatorData,"[""3""]",false,
24410680,1735610707,39,0x0Fdc04008DfD76D6b63037F56f63b48A06577606,0x5c51fe4236c4b5b07a0c6dc9dc6e948b681bf9418e4cf3c882e828f96ff145d8,Staking,stake,"[""38"",""333000000000000000000""]",false,
24427152,1735643651,194,0x8E68c399fAdf53DE34285a3C03a236558908F25d,0x57b27a4da1f04c91bae3c8b3323a2a6031bab853738a8fa24caaeff7e8becdeb,Migrator,migrateDelegatorData,"[""22""]",false,
24427430,1735644207,63,0x0Fdc04008DfD76D6b63037F56f63b48A06577606,0x03cb47f94b60dbb0844db6d4a6a57a9ef0412a1205162c6cf814f68faa2b8628,Staking,stake,"[""22"",""333000000000000000000""]",false,
24427555,1735644457,53,0x0Fdc04008DfD76D6b63037F56f63b48A06577606,0x63a5407dbb263de09b00cd04266bf01d7dfbd3a03d6497b63a0a9e08eab0495d,Staking,stake,"[""33"",""321000000000000000000""]",false,
24444964,1735679275,57,0xbE0ca4Dd84defFe3222614E7e5C23C0c0B61583F,0x4dd87eb86ab7620ed3cc85af64c3eba3c9b6235d68f3f104b1c4ad09fbc84f3d,Staking,stake,"[""38"",""60000000000000000000""]",false,
24514863,1735819073,70,0x2571d69a97Bf6C5b8ec24dc4dd9a9A3E7783C133,0xb0aa29b92127dc48072ffbe8bcfa28440a4bd3e8f836ec70acb6da876ab0ba37,Staking,stake,"[""31"",""1421221031790000000000""]",false,
24539176,1735867699,495,0xe522e310BC6c7944E868e7d33c764B8e3FC0F12c,0x6ce502cb82f85e4e8f52aff8bb3bcbf253c968e876bf97d812ae3c5d03244919,Staking,requestWithdrawal,"[""38"",""67000000000000000000""]",false,
24539261,1735867869,45,0xe522e310BC6c7944E868e7d33c764B8e3FC0F12c,0x51be42ed2f084f6b1ab517c9beb4a42391cdb599350eb6ec673f04a89d2cbf9a,Staking,cancelWithdrawal,"[""38""]",false,
24539261,1735867869,45,0xe522e310BC6c7944E868e7d33c764B8e3FC0F12c,0x51be42ed2f084f6b1ab517c9beb4a42391cdb599350eb6ec673f04a89d2cbf9a,Staking,cancelWithdrawal,"[""38""]",false,
24591394,1735972135,41,0xAAF2c6Df2CD772a88767714b6E922e83FCE42EDC,0x61733f4ae0080cd7403ecce0ff3235259ccbe686e4058a89ea3a780e6542f7f7,Staking,stake,"[""36"",""61000000000000000000""]",false,
24673593,1736136533,88,0x047d912410759a0824cfad69a134df0172dbc067,0x25511cbe5e040e818638cf15cba2b6ba68b0c4cf3b1770db8d879c3f1aa757c0,Staking,redelegate,"[""22"",""38"",""2083543073369909585000""]",false,
24681116,1736151579,161,0xa8a809c5B9681617da775E6E16a6eae1792AfB42,0x6d3c1b2cd6c48673d7a36040e374ba18f147a037b061331448327c4e11abc976,Staking,stake,"[""38"",""1212158296231460319620""]",false,
24687796,1736164939,137,0x158E39eF0a8F7bEaDF4c75FF079eE7EdE492AB29,0x2fb3175cbd04a53da66d41c6c7052ed2eece8bcda42202f371ab379bf3091b92,Staking,stake,"[""31"",""20955879197910000000000""]",false,
24745141,1736279629,91,0x1d0Bb01fff88f6063683dBd637c4F31Dd379d573,0x9d573a510f30f37d8a8efc683f4d1edaba7b81645ca8d32ea3492b9293f66d29,Staking,stake,"[""38"",""1411111628467387430449""]",false,
24748847,1736287041,97,0x1d0Bb01fff88f6063683dBd637c4F31Dd379d573,0x4e74364be166a658108242c9eeb480848f7715f30ba72ff4f5f21e34e11e46c3,Staking,stake,"[""38"",""927241289666510683011""]",false,
24797367,1736384081,223,0x5417b37689dd93CA1eCf68217A8A7B33776A0D48,0xb113dc97a19d506feb926729708a7ccbff6e2ea71b18af3db747711e765e256d,Staking,stake,"[""33"",""151243008969346606297""]",false,
24798419,1736386185,467,0x5417b37689dd93CA1eCf68217A8A7B33776A0D48,0xeb7aeedc952457f644559b90567c528ef91e8a2d7c6c85b8950bea946ea00e88,Staking,cancelWithdrawal,"[""33""]",false,
24798419,1736386185,467,0x5417b37689dd93CA1eCf68217A8A7B33776A0D48,0xeb7aeedc952457f644559b90567c528ef91e8a2d7c6c85b8950bea946ea00e88,Staking,cancelWithdrawal,"[""33""]",false,
24799541,1736388429,167,0x18405396C4CEc8447e74D408faBEF1A9C2dC6269,0xfcd6988a2d47b8a35d5cb9258ce1a3c16514d07988a42721763189c5893f3649,Staking,stake,"[""22"",""150470000000000000000000""]",false,
24820939,1736431225,40,0x2828bFC9bCC2670316827CbffcB49e8e5604d741,0xff7f9e2e131c4ea1bec06ee4a03a703bc8e125cefc3fb09e509b7d68d6ee329c,Staking,stake,"[""31"",""200000000000000000000000""]",false,
24845160,1736479667,58,0xb3abDd31af7343C25acD9d445eB18a35192ec520,0x8b4e069739f1674d35e3664b3ce818a1a6bfac1984cc2073bed127a4fb16ef1f,Staking,stake,"[""37"",""13296067079257336950000""]",false,
24846696,1736482739,132,0xD4268E25b62cE7C780fc009B0B25e3F3CB382dcB,0x9a40a1ebf3ea676d73e9a9a10d2f9e47ebb7258fcff62c47aa28054ceddee2c8,Staking,stake,"[""31"",""3029011515759858975488""]",false,
24859726,1736508799,55,0x5d7A052c70408f20638f99F8B18DfeF90f31D71f,0xfaf93e473396e57a03084811cb93bca35f545d162e1239010aedd26cc6cb93e3,Staking,redelegate,"[""38"",""33"",""50159739155770000000000""]",false,
24911898,1736613143,42,0x9023b26e753760D2d097881C901BbFB08c651b1f,0x788eb2cfc620521d6350125656a70691045cfe2444a75dd077a4a5ab3035f61a,Migrator,migrateDelegatorData,"[""33""]",false,
24934810,1736658967,149,0xAAF2c6Df2CD772a88767714b6E922e83FCE42EDC,0x6de09912eeca09b9b136f131fca7c02bf57acbe6fc307a98d57c26812c956df8,Staking,stake,"[""38"",""64180808310000000000""]",false,
24963363,1736716073,50,0x6fFD1E8a1426C8b1a063809d530373Cf2e0365BA,0x2e3abca6b137d26e26d2b4133e085683bca9f53a9d2ce602b34d579a54e42cd4,Migrator,migrateDelegatorData,"[""3""]",false,
25068517,1736926381,56,0x2799ee83D02761B7881aaa174d1c73163e1764C3,0x47ae30a7a3a1f0562f6f0e459383784b14503eb62460656ff6ef403eaedf6e85,Migrator,migrateDelegatorData,"[""38""]",false,
25104613,1736998573,74,0x4C54f278D1611E28936f3C0D8406c5cACc8B232b,0x619d2b646ec76965fcd1c8fb9649a17bb75274d9e703644c2087425cd0c4ece9,Migrator,migrateDelegatorData,"[""26""]",false,
25505773,1737800893,115,0x851A88571Af500482399CC2CC69d9edD48332638,0x4fce7ab667b3c2fa28ba0429bb44bbea5e77d81803db2b99ed65a8fa9575e55a,Migrator,migrateDelegatorData,"[""33""]",false,
25505789,1737800925,184,0x851A88571Af500482399CC2CC69d9edD48332638,0x464b0fa440f7597b49692c22e5e55db1017794d23b6943fd1d328eadb3611595,Migrator,migrateDelegatorData,"[""3""]",false,
25505801,1737800949,143,0x851A88571Af500482399CC2CC69d9edD48332638,0xc50a992d7e8a09f973582e4f3ac7cff89fb938f1ac2f664449f1b5dea26e6ee4,Migrator,migrateDelegatorData,"[""22""]",false,
25583346,1737956039,64,0x0dbF8406b7BD1BbbD97B78Ab5AABa9102c98b731,0xe14c90b73c4b8ece0f1685e321017048ddad218e9176465d750628e26ef541a6,Staking,stake,"[""36"",""1000000000000000000000""]",false,
25616734,1738022815,97,0x7D1E9050f02044CBf200BC2B75d443D8e464A0d9,0x88817faebcd5dc944aca5408e30666bfe53db7ddf197c2edcfbd804bb12fad71,Migrator,migrateDelegatorData,"[""3""]",false,
25617561,1738024469,53,0xcdeB8BD1EfaA99F29fA236882F7C1C364B8e93a5,0x35ee9169d10455a5a8e8eb5e4014240a50543f4948390d56b3d1e9057668e446,Migrator,migrateDelegatorData,"[""1""]",false,
25617603,1738024553,50,0xcdeB8BD1EfaA99F29fA236882F7C1C364B8e93a5,0x911b792d37ee40c871ae3e09b2f7722577b4083cef8b33054b7dd098c522f717,Migrator,migrateDelegatorData,"[""12""]",false,
25735977,1738261301,128,0xa8a809c5B9681617da775E6E16a6eae1792AfB42,0xbc2a96984e3451f441fcf28926d309e20c688d62e5427711682ee24bead05942,Staking,redelegate,"[""38"",""37"",""1212158296231460319620""]",false,
25745684,1738280715,156,0xed1f247fA591c9858Da7aaFD1eacF40f8b367B24,0x5b7d0107a1d17096edc6ae5467319754c8890c097422759ec71d823fcfc42e01,Staking,stake,"[""36"",""2600933878763361407497""]",false,
25792485,1738374317,146,0x57c178B25fc963556E1fFb29d82AbbB9BD4f9D64,0x0f396366c27371bdc608a36b79f0072917d1e35cfb587068f2b10a7f9dbe781a,Staking,stake,"[""37"",""23813508152720086011""]",false,
25798513,1738386373,156,0x57c178B25fc963556E1fFb29d82AbbB9BD4f9D64,0x9455796469870aa7b7bdcbef3e5b09647c1d8bbe67d54aeece51ef3753037524,Staking,stake,"[""37"",""25563620008728880380""]",false,
26269642,1739328631,50,0xF4491e551a823a36fbc5ec4e05E19D095b6D043f,0x8f933cde2b1d1e3aa5354df1f08ae82a45ad67de0b378b6196ec6ab23a494f74,Staking,stake,"[""38"",""7595000000000000000""]",false,
26270785,1739330917,40,0xF4491e551a823a36fbc5ec4e05E19D095b6D043f,0x4dabaf42f7aa0cecafc855314b108640c0b77f0a1153c4ff7127fa0331d9d736,Staking,cancelWithdrawal,"[""38""]",false,
26270785,1739330917,40,0xF4491e551a823a36fbc5ec4e05E19D095b6D043f,0x4dabaf42f7aa0cecafc855314b108640c0b77f0a1153c4ff7127fa0331d9d736,Staking,cancelWithdrawal,"[""38""]",false,
26354472,1739498291,156,0x57c178B25fc963556E1fFb29d82AbbB9BD4f9D64,0xb9ab0b50e95836a1ebc3224d0d7134b66441ddb24bba4a5c7cb943c092a7e74e,Staking,stake,"[""37"",""29546323157792045414""]",false,
26415481,1739620309,129,0xc2a4d6D2CDdd3280ff22440cab6C3E44d4F774D9,0x7396e19a93b887b1d4c2b5d4187fdca3006f21df7d053545432e446a127f008a,Migrator,migrateDelegatorData,"[""31""]",false,
26415506,1739620359,71,0xc2a4d6D2CDdd3280ff22440cab6C3E44d4F774D9,0xd8f44c255b2a4b6805e234865d97d1eb17957b8a0c6a0244f109a379141a569e,Migrator,migrateDelegatorData,"[""33""]",false,
26918863,1740627073,88,0xAAF2c6Df2CD772a88767714b6E922e83FCE42EDC,0x6b4e77284ad56fb5cf1e0cebe65889bd724fff6a9e1afb50948c934bbe1f55b4,Staking,redelegate,"[""36"",""12"",""61000000000000000000""]",false,
27207482,1741204311,26,0x5FD42651bEca27EF0f51656D61cCFe1bbc6f38DB,0x81a7e6043701c39454e9d7dd4acc6fe15d2032475d6ebe27332e2dc882356dbe,Staking,stake,"[""36"",""9999000000000000000000""]",false,
27238732,1741266811,28,0x5FD42651bEca27EF0f51656D61cCFe1bbc6f38DB,0x39c0cb1946d8aac73635044dddbaf47101072754c37d5e566595908a0b4e3fe5,Staking,stake,"[""36"",""1000000000000000000""]",false,
27337972,1741465291,39,0x749513E84AA3e6aAe637D2898d686968B45a737C,0x5a2e39c53c56a31307d5ef31e9b9a541201ba6cd27cd54b9077b3cc866ecf63f,Staking,stake,"[""32"",""74242942690000000000""]",false,
27338853,1741467053,39,0x749513E84AA3e6aAe637D2898d686968B45a737C,0x7aa5213840061bfd18326a78a30b03e447a93a52f6f80550b95916bd205aa00e,Staking,redelegate,"[""32"",""31"",""74242942690000000000""]",false,
27343095,1741475537,55,0x749513E84AA3e6aAe637D2898d686968B45a737C,0xe7c4139362b36453cdb8a3f93f8f721a66e5b501118a987be45723ee3bc8d66c,Staking,stake,"[""31"",""133423180590000000000""]",false,
27766435,1742322217,92,0x749513E84AA3e6aAe637D2898d686968B45a737C,0x1047eba5773b6aededa9c602847a2c8061450a2e11d7c37e284eec2040f4661d,Staking,stake,"[""31"",""101410736280000000000""]",false,
27778388,1742346123,421,0x58B11B23f7DF8ea04f536dAE4b3684728E77f781,0xa77f8e910a858fd9a62f79d61e0a6ab3941bf89566db32cc4ad91f78eca2367d,Staking,stake,"[""36"",""2894522250000000000""]",false,
27966233,1742721813,121,0x58B11B23f7DF8ea04f536dAE4b3684728E77f781,0xe507586bc86b7a98da66e14d01ed19d0b463857c6a52c296c808f4eab235af6b,Staking,stake,"[""36"",""36195613991120000000000""]",false,
27973608,1742736563,159,0x58B11B23f7DF8ea04f536dAE4b3684728E77f781,0x45da9b1bcc40a39b5a9e103a7cbcbc18db0979d008a165f9163297b4d2bae2f1,Staking,redelegate,"[""36"",""38"",""21513011734705147403459""]",false,
27975684,1742740715,126,0x58B11B23f7DF8ea04f536dAE4b3684728E77f781,0x2199f18f4530f176d17b5dabf2f92813edfb2de69565cf380e02ab9dbcd73e7a,Staking,redelegate,"[""36"",""33"",""14685496778664852596541""]",false,
28244269,1743277885,47,0x749513E84AA3e6aAe637D2898d686968B45a737C,0x9dd689c846f9bef854fe4fef18abd4caed5134cd1c8fc9dd3e76e656cf43e90c,Staking,cancelWithdrawal,"[""31""]",false,
28244269,1743277885,47,0x749513E84AA3e6aAe637D2898d686968B45a737C,0x9dd689c846f9bef854fe4fef18abd4caed5134cd1c8fc9dd3e76e656cf43e90c,Staking,cancelWithdrawal,"[""31""]",false,
28538329,1743866005,52,0x749513E84AA3e6aAe637D2898d686968B45a737C,0xaea1c7cec0905d01c961cd4bf13cb8efcc9b2461a7b4bb7e6777086881ab87f5,Staking,cancelWithdrawal,"[""31""]",false,
28538329,1743866005,52,0x749513E84AA3e6aAe637D2898d686968B45a737C,0xaea1c7cec0905d01c961cd4bf13cb8efcc9b2461a7b4bb7e6777086881ab87f5,Staking,cancelWithdrawal,"[""31""]",false,
28935671,1744660689,29,0x86dE4D5E5498b0d635c29E187d38C6f0bE76889A,0x6ae2606792c3444e1b8ad534d689f4fb3eb2fdde3303cd56bec26e8b6d47948f,Migrator,migrateDelegatorData,"[""38""]",false,
29008953,1744807253,70,0xB9cc1C3F5c1676921fCf94983b34191e9D0b2Fb5,0xddf037874cc24139d336c6eca02a6422167d80a429370b76cee0a0b66a2afb18,Staking,redelegate,"[""38"",""31"",""60009620903407812195569""]",false,
29022694,1744834735,60,0x4f95Be00A2Ec8fCA5a5b9cc79dd14C59943AdEBC,0x1d262cd3118ab17ee8dac55197e32389ebf893a88a8920e56960659cd62bfc30,Staking,stake,"[""10"",""2500000000000000000000""]",false,
29668749,1746126845,114,0xdafE7e22798A078E0F10A2aA1133a7DD20A22F01,0x87c9b0fe61926e24da03d5c3213e4879fad5c1259151f782c62679c708cd328e,Migrator,migrateDelegatorData,"[""33""]",false,
29796470,1746382287,114,0xDEEb393E62F84DAf29eeEAa2647b23444512d292,0x4a6f66d32f0b9e07f9222498cc4d4289468a848c247e01d656c002f5b1a5dd0d,Staking,stake,"[""38"",""5028740850887181031""]",false,
29797444,1746384235,95,0xDEEb393E62F84DAf29eeEAa2647b23444512d292,0x5716603599a39ab64c7577fa42726fdaa797d474c436fd4ccf152a4ff3a531f3,Staking,stake,"[""38"",""696700117223225635338""]",false,
29982769,1746754885,170,0xDEEb393E62F84DAf29eeEAa2647b23444512d292,0xa66f84946cf1467027db6ad6864913661353e37bac850912f0b8726b65999dbf,Staking,requestWithdrawal,"[""38"",""300000000000000000000""]",false,
29982799,1746754945,167,0xDEEb393E62F84DAf29eeEAa2647b23444512d292,0x4f2863dab4c2a13427d37ade24e793c778753f2aa90e5e9fb25497f76389a462,Staking,cancelWithdrawal,"[""38""]",false,
29982799,1746754945,167,0xDEEb393E62F84DAf29eeEAa2647b23444512d292,0x4f2863dab4c2a13427d37ade24e793c778753f2aa90e5e9fb25497f76389a462,Staking,cancelWithdrawal,"[""38""]",false,
30182471,1747154289,115,0xB9cc1C3F5c1676921fCf94983b34191e9D0b2Fb5,0x8884be4d7a08220ac3874136419c556edbd636e306ec0938b558b009cbe2b667,Staking,stake,"[""31"",""15000000000000000000000""]",false,
30432589,1747654525,49,0x2d5B8464D6718Fb217f5575D32502aC44C92d198,0xe1e22d791d0a97b8040ffcc94cec53da7058fe58afbe474ba4b26d79d777cbdc,Staking,stake,"[""31"",""2518443025358538178569""]",false,
31147013,1749083373,225,0xA12a41Cf37515E0eA1Ef18f2Fb3eAbc5b13916ad,0x9392f0fed8ca0259c3c3273f05403ebb83fd88150985eb7cb1029b5de6ddc94e,Staking,stake,"[""31"",""830000000000000000000""]",false,
31950854,1750691055,116,0x30e48a9A39a8987419F2dF718993fFe730D253E4,0xa4cf6dfaee20c5458eace7c6f396a0a7b4fd7ccf5e3ac2aab8c52418716cd472,MigratorM1V8_1,migrateDelegatorData,"[""1"",""0x7eb8dEabF5D3921ed081a9F3Ec89A75F1a673EB6""]",false,
31950856,1750691059,136,0x30e48a9A39a8987419F2dF718993fFe730D253E4,0x6905b0bed05ca8044b912a3d508fbbcc2b4edf3d2bf663b3906f71466445ac73,MigratorM1V8_1,migrateDelegatorData,"[""1"",""0xe94470a4BEaB39c497f8fE88D70F3a537bba55a2""]",false,
31950858,1750691063,90,0x30e48a9A39a8987419F2dF718993fFe730D253E4,0xdee1232d0ed559335e83fb9a355d8ee90b3eb81b71153cae770801298463cade,MigratorM1V8_1,migrateDelegatorData,"[""2"",""0x7eb8dEabF5D3921ed081a9F3Ec89A75F1a673EB6""]",false,
31950860,1750691067,91,0x30e48a9A39a8987419F2dF718993fFe730D253E4,0x9dcdfbba698d762a5ff50653267908242dbd468daea0b8d6afad0118aee72fe4,MigratorM1V8_1,migrateDelegatorData,"[""3"",""0x077332F0da13d000F13A62F88532943822673eA0""]",false,
31950862,1750691071,98,0x30e48a9A39a8987419F2dF718993fFe730D253E4,0x0c01e689a68fbdb516955d360936c3b23e954ea455862c5f796387322de6b3a0,MigratorM1V8_1,migrateDelegatorData,"[""3"",""0x0Cf776d57e0223f47eD3A101927BB78D41Ad8A13""]",false,
31950863,1750691073,116,0x30e48a9A39a8987419F2dF718993fFe730D253E4,0x43aee13b0ce99ad5e467e1beb64a1ec5a0eab57107d79f62f7e1493492382f4c,MigratorM1V8_1,migrateDelegatorData,"[""3"",""0x7eb8dEabF5D3921ed081a9F3Ec89A75F1a673EB6""]",false,
31950865,1750691077,89,0x30e48a9A39a8987419F2dF718993fFe730D253E4,0xe2fc7850918c8f45aa213e7b8ee73861ec15a9701c58fbd6488d0e872c135856,MigratorM1V8_1,migrateDelegatorData,"[""3"",""0xB31fB8F1629fd1523bBd4f0AEf474bEce3e3453E""]",false,
31950867,1750691081,91,0x30e48a9A39a8987419F2dF718993fFe730D253E4,0x8649ba29feaafb944b072929279e912dc01eb8c3aae74375b614d181bfed04b4,MigratorM1V8_1,migrateDelegatorData,"[""3"",""0xc2a4d6D2CDdd3280ff22440cab6C3E44d4F774D9""]",false,
31950870,1750691087,69,0x30e48a9A39a8987419F2dF718993fFe730D253E4,0x76a114c63889e568e4bbcc545893884b2b3fc75d127c2efac01ff7d78b679d0f,MigratorM1V8_1,migrateDelegatorData,"[""3"",""0xc4bE47fF997157eA1A869cE1442ECA889121BCf3""]",false,
31950872,1750691091,108,0x30e48a9A39a8987419F2dF718993fFe730D253E4,0x84c009cb02855afe6b816a7b2af94ebf2903b3fc510a6040d50f499e3b399fd5,MigratorM1V8_1,migrateDelegatorData,"[""3"",""0xe6e6F991FC4B4B7014B874f94c5157ACc8E8C518""]",false,
31950874,1750691095,123,0x30e48a9A39a8987419F2dF718993fFe730D253E4,0xdc6c9e6b1cd95dd8f23ee09db1fec0b83fbfba5c74b018ec9a15e200c127f27e,MigratorM1V8_1,migrateDelegatorData,"[""3"",""0xe9eCE9221c6DDBCf943f84436D60f15879F3Bb2e""]",false,
31950876,1750691099,116,0x30e48a9A39a8987419F2dF718993fFe730D253E4,0x66f9b455c7887a1d35bbb06b6ebaa76f9f29d445f8a7c098de5c5e51712c3a15,MigratorM1V8_1,migrateDelegatorData,"[""6"",""0x0Cf776d57e0223f47eD3A101927BB78D41Ad8A13""]",false,
31950878,1750691103,133,0x30e48a9A39a8987419F2dF718993fFe730D253E4,0x08b98a8636660fa46413006eca8fa242257676b1f17716a0b53da4e8683ebe0f,MigratorM1V8_1,migrateDelegatorData,"[""6"",""0xe94470a4BEaB39c497f8fE88D70F3a537bba55a2""]",false,
31950879,1750691105,105,0x30e48a9A39a8987419F2dF718993fFe730D253E4,0xf2302a99517070b6df4a3551bf079cfbfc7dc7668c525448132a3458bcc046bb,MigratorM1V8_1,migrateDelegatorData,"[""8"",""0x6e9E800FeCF096A830f951fAC089A61029B21Ee8""]",false,
31950881,1750691109,178,0x30e48a9A39a8987419F2dF718993fFe730D253E4,0xf0ee902e495bd8d78a11c1c1f1030671061e9b4d1dce270a22021d3e3b1a4bc4,MigratorM1V8_1,migrateDelegatorData,"[""10"",""0x7eb8dEabF5D3921ed081a9F3Ec89A75F1a673EB6""]",false,
31950883,1750691113,113,0x30e48a9A39a8987419F2dF718993fFe730D253E4,0xbc8d4889af7186874b554dceccc5029c26645e136af8c1d83964733a5e9bb20c,MigratorM1V8_1,migrateDelegatorData,"[""12"",""0x0E91710856b8aA8c2b0e78D301E7ED2057b21894""]",false,
31950884,1750691115,141,0x30e48a9A39a8987419F2dF718993fFe730D253E4,0x02d604b2c21e5b1e96e22fc476fb12932a183b03179e24ee5a60c87694db56f7,MigratorM1V8_1,migrateDelegatorData,"[""12"",""0xe94470a4BEaB39c497f8fE88D70F3a537bba55a2""]",false,
31950886,1750691119,145,0x30e48a9A39a8987419F2dF718993fFe730D253E4,0x17a108fe020d7630cebc7a936014df38fd3000a4dc062e3be4e8441f2fd7ab96,MigratorM1V8_1,migrateDelegatorData,"[""14"",""0x0Cf776d57e0223f47eD3A101927BB78D41Ad8A13""]",false,
31950888,1750691123,139,0x30e48a9A39a8987419F2dF718993fFe730D253E4,0x6c4ab11cb67ae5c925470d2c7a44dad876f8d2c78e2df519a12048a3566d5fd2,MigratorM1V8_1,migrateDelegatorData,"[""14"",""0x7eb8dEabF5D3921ed081a9F3Ec89A75F1a673EB6""]",false,
31950890,1750691127,116,0x30e48a9A39a8987419F2dF718993fFe730D253E4,0x6e4775ab20ef801a9959a2f1016aff88173fdb0ef45b4654ab8ad628a477c5b3,MigratorM1V8_1,migrateDelegatorData,"[""15"",""0xe94470a4BEaB39c497f8fE88D70F3a537bba55a2""]",false,
31950891,1750691129,95,0x30e48a9A39a8987419F2dF718993fFe730D253E4,0xfa25492adac3cebd2b7d8593a281ea232880d5417ea0b32d8c74cde9ada9f832,MigratorM1V8_1,migrateDelegatorData,"[""16"",""0xe94470a4BEaB39c497f8fE88D70F3a537bba55a2""]",false,
31950893,1750691133,79,0x30e48a9A39a8987419F2dF718993fFe730D253E4,0xcd6715148525582f0520c6a95d23dc6e31aa0af08b4456ee7aa412df637b8290,MigratorM1V8_1,migrateDelegatorData,"[""17"",""0x0Cf776d57e0223f47eD3A101927BB78D41Ad8A13""]",false,
31950894,1750691135,195,0x30e48a9A39a8987419F2dF718993fFe730D253E4,0xf90a030b574e8396708d9649ecc67105938d438c7b663a8f4659fb04b0e00eae,MigratorM1V8_1,migrateDelegatorData,"[""17"",""0xe94470a4BEaB39c497f8fE88D70F3a537bba55a2""]",false,
31950896,1750691139,143,0x30e48a9A39a8987419F2dF718993fFe730D253E4,0x67e5d8cad5aa1f898e48e8546c408dafe7c649d3ad421761063ca75ada4393d7,MigratorM1V8_1,migrateDelegatorData,"[""18"",""0xe94470a4BEaB39c497f8fE88D70F3a537bba55a2""]",false,
31950898,1750691143,118,0x30e48a9A39a8987419F2dF718993fFe730D253E4,0x974a41c4cbc00e80f9eec288c2f805e10cee0bf789f715d1516b4681fc2207a4,MigratorM1V8_1,migrateDelegatorData,"[""19"",""0xB31fB8F1629fd1523bBd4f0AEf474bEce3e3453E""]",false,
31950900,1750691147,100,0x30e48a9A39a8987419F2dF718993fFe730D253E4,0x8439967872eb47c7cb236cea83de928cde5b549de5841b7cf1625adb636d80b1,MigratorM1V8_1,migrateDelegatorData,"[""19"",""0xe94470a4BEaB39c497f8fE88D70F3a537bba55a2""]",false,
31950901,1750691149,175,0x30e48a9A39a8987419F2dF718993fFe730D253E4,0x8d50e3d4a3fd6a4ee8142a81e4a645b2efc9f0bba9d54c931c7d4618d4d9c4aa,MigratorM1V8_1,migrateDelegatorData,"[""20"",""0xe94470a4BEaB39c497f8fE88D70F3a537bba55a2""]",false,
31950903,1750691153,132,0x30e48a9A39a8987419F2dF718993fFe730D253E4,0xb8abc9b84ae743bbe2af6e780dc73be1d5ff83a4ec28fea053a83556c1c81f6b,MigratorM1V8_1,migrateDelegatorData,"[""22"",""0x0b8a57A5aA1Aa50981E3a7d0070C9b5b561e86C4""]",false,
31950905,1750691157,99,0x30e48a9A39a8987419F2dF718993fFe730D253E4,0x8b3cd250a6c9c686e284f8f4bd25b64ca6f688b07bbd4a027c449167a65f06e7,MigratorM1V8_1,migrateDelegatorData,"[""22"",""0x0E91710856b8aA8c2b0e78D301E7ED2057b21894""]",false,
31950906,1750691159,143,0x30e48a9A39a8987419F2dF718993fFe730D253E4,0x674879ed45958d6f4ba9344f6a009592a07fa71730d58d18eed7229e6558f468,MigratorM1V8_1,migrateDelegatorData,"[""22"",""0x226588918A8C209AF9B86F338212d2b35B0Bc0DE""]",false,
31950907,1750691161,153,0x30e48a9A39a8987419F2dF718993fFe730D253E4,0xf9cd765b1e4b4afe2e61efd762d673b539b867ca9648285c5ff9017e5bffe04a,MigratorM1V8_1,migrateDelegatorData,"[""22"",""0x2a302f69f41D22AF404A0496a870854d6A8d0fD0""]",false,
31950909,1750691165,154,0x30e48a9A39a8987419F2dF718993fFe730D253E4,0x2c6f4ca39f8ee3bfc86dfc6ec51205b95643bb86eeeeadd4b52627ec5e38a9a4,MigratorM1V8_1,migrateDelegatorData,"[""22"",""0x2bbe3f6E3282392c4767ab6FF76c20eDBFf9f35e""]",false,
31950911,1750691169,122,0x30e48a9A39a8987419F2dF718993fFe730D253E4,0xda1cb7f2aa07ec231ce249180c8cade77c3abe417078a449388dba75a1cfe33d,MigratorM1V8_1,migrateDelegatorData,"[""22"",""0x3AB96f3A444402d20848beE531a59EDa41F01998""]",false,
31950912,1750691171,145,0x30e48a9A39a8987419F2dF718993fFe730D253E4,0x4922cd21d9ee4757c31ca6fd295b112154714de1d4231786591c3043ea8c9d0a,MigratorM1V8_1,migrateDelegatorData,"[""22"",""0x5A64EfF3aba37e8cd9793CA1a9F73036704BCa48""]",false,
31950913,1750691173,122,0x30e48a9A39a8987419F2dF718993fFe730D253E4,0xbbf166c5a89e53ae0a0a6f253cca31ce40867c129c60eb95be2d2242eaccc0b5,MigratorM1V8_1,migrateDelegatorData,"[""22"",""0x5d64D14D2CF4fe5fe4e65B1c7E3D11e18D493091""]",false,
31950915,1750691177,123,0x30e48a9A39a8987419F2dF718993fFe730D253E4,0xad77fdd4f34bccbdef2bc5cbe8953ff43a7add0dad1a752b58bf6ce53ccb5f8e,MigratorM1V8_1,migrateDelegatorData,"[""22"",""0x9F16BBe53cd85E44D5e83CaF7421316F7e81C8CF""]",false,
31950917,1750691181,106,0x30e48a9A39a8987419F2dF718993fFe730D253E4,0xc95e41988b06a86a9d8acb0d494daf0daeb7a8771f783f48f367de9979006798,MigratorM1V8_1,migrateDelegatorData,"[""22"",""0xA543EeD9E43204aEFFbb257958DEec25F82c379c""]",false,
31950919,1750691185,136,0x30e48a9A39a8987419F2dF718993fFe730D253E4,0x4d93d702e03b478366faeb17ee9a07f94823c6b2fb1fa1a7204363fece739d51,MigratorM1V8_1,migrateDelegatorData,"[""22"",""0xAb3f67D87e0E6ad22A8d45d4d31E011fA14caB1c""]",false,
31950920,1750691187,128,0x30e48a9A39a8987419F2dF718993fFe730D253E4,0xa3cd0fc0900d9a3756766e9f446bb696f0248b7278e0c73d2835ceb407d34470,MigratorM1V8_1,migrateDelegatorData,"[""22"",""0xaDC358150cd12943d7DdcF5434f41737F3bfc364""]",false,
31950922,1750691191,102,0x30e48a9A39a8987419F2dF718993fFe730D253E4,0x7db6589ff96ddfd93fc4997c4cc4b97f3cd07d1cb144218fc9739dded4243fca,MigratorM1V8_1,migrateDelegatorData,"[""22"",""0xc2a4d6D2CDdd3280ff22440cab6C3E44d4F774D9""]",false,
31950924,1750691195,118,0x30e48a9A39a8987419F2dF718993fFe730D253E4,0x441e329556737ebae037ade20d8188285860686fb20f8522b37ded7464819dc9,MigratorM1V8_1,migrateDelegatorData,"[""22"",""0xc4bE47fF997157eA1A869cE1442ECA889121BCf3""]",false,
31950926,1750691199,85,0x30e48a9A39a8987419F2dF718993fFe730D253E4,0xfe94b22e8123b2aa4e7d3751557619d893da16e736ba29a46630742088c8a91c,MigratorM1V8_1,migrateDelegatorData,"[""22"",""0xDc85c9b30d292A23474D8ebc811074A20332a130""]",false,
31950928,1750691203,107,0x30e48a9A39a8987419F2dF718993fFe730D253E4,0x8063ed8a960194905669133d89cece6ed86359a9403cff9fca45bcd5dc3b19c7,MigratorM1V8_1,migrateDelegatorData,"[""22"",""0xE3eD7106E7E4aA8E8400d885f33c6c4b0f795fac""]",false,
31950929,1750691205,128,0x30e48a9A39a8987419F2dF718993fFe730D253E4,0xce7eb19bf24c9f31adf56d062da0604a9eae2ee9d60e1a3e43487bf3a22048a6,MigratorM1V8_1,migrateDelegatorData,"[""22"",""0xe94470a4BEaB39c497f8fE88D70F3a537bba55a2""]",false,
31950930,1750691207,152,0x30e48a9A39a8987419F2dF718993fFe730D253E4,0xd23757e101880cd415d94171f89497a57a69f354a515ccfeb7a0eb77a401e5d4,MigratorM1V8_1,migrateDelegatorData,"[""22"",""0xe9A2d9Ed6f9B29F9420F17A394D79F1d90e4Fb00""]",false,
31950931,1750691209,164,0x30e48a9A39a8987419F2dF718993fFe730D253E4,0x6881b95846a853c9a0dfef3c8b334f141745da8beb27f2b93fbf959e8006b4d4,MigratorM1V8_1,migrateDelegatorData,"[""26"",""0x004ccab1460Dd2De27C942f604EDaC6db406ee5C""]",false,
31950933,1750691213,100,0x30e48a9A39a8987419F2dF718993fFe730D253E4,0x6188ef26804711469bf770cc5fa8f3a7d0af453ed53bd3a0d679d931a9a10acf,MigratorM1V8_1,migrateDelegatorData,"[""26"",""0x102547bd0075f7228f351452F762be6047356814""]",false,
31950935,1750691217,130,0x30e48a9A39a8987419F2dF718993fFe730D253E4,0x80ee6759cf586b45bdc7716de4f503b465d4b2913df4440d17c54303a67a03fe,MigratorM1V8_1,migrateDelegatorData,"[""26"",""0x1E99b35be6Bc0fC5b90a8a1fbE3c21CeDeDAF12B""]",false,
31950937,1750691221,80,0x30e48a9A39a8987419F2dF718993fFe730D253E4,0xa6b200157b94f8cb72d58fbc7848122b2975d45633f3315408bdca928c73081a,MigratorM1V8_1,migrateDelegatorData,"[""26"",""0x2a302f69f41D22AF404A0496a870854d6A8d0fD0""]",false,
31950939,1750691225,134,0x30e48a9A39a8987419F2dF718993fFe730D253E4,0x6cd2937cf28a3756ff800c792af72c77317f92c1e274e74217a3435cb9eb3af4,MigratorM1V8_1,migrateDelegatorData,"[""26"",""0x30c4F9e8151A344a88f0A10E968342a183015d26""]",false,
31950941,1750691229,99,0x30e48a9A39a8987419F2dF718993fFe730D253E4,0x39112462db3c6149e2bd8479f2728b299b7d726560bea400f7396d4874cbecbb,MigratorM1V8_1,migrateDelegatorData,"[""26"",""0x54EE8558E00667E355968144FFceb6d75361ACDF""]",false,
31950942,1750691231,134,0x30e48a9A39a8987419F2dF718993fFe730D253E4,0xd8d47760c6f8c3cde16926f7ac17aa2578ed1007012661f84bb06bc965bb28a0,MigratorM1V8_1,migrateDelegatorData,"[""26"",""0x67640E522e1734b4745c56865CF45e7dce712753""]",false,
31950944,1750691235,81,0x30e48a9A39a8987419F2dF718993fFe730D253E4,0xbb4a19f98f956d60eee14d22fb548e03181f22e19c81de8c28711b6b2143baa6,MigratorM1V8_1,migrateDelegatorData,"[""26"",""0x7556E6208491Aa331026dd781AdE541cABBFA176""]",false,
31950946,1750691239,106,0x30e48a9A39a8987419F2dF718993fFe730D253E4,0x7ac6e3f833d7c163ab05bb77e257d2b0ff72c9b976e067252acd45a9c296bda7,MigratorM1V8_1,migrateDelegatorData,"[""26"",""0x7eb8dEabF5D3921ed081a9F3Ec89A75F1a673EB6""]",false,
31950948,1750691243,82,0x30e48a9A39a8987419F2dF718993fFe730D253E4,0xd5e61817688b668e243b05104934b1b077fc05fe84553ac40836bc22218b2ff7,MigratorM1V8_1,migrateDelegatorData,"[""26"",""0xa78E03f3FeD0b726055bB3d2003F93159e4fc974""]",false,
31950950,1750691247,89,0x30e48a9A39a8987419F2dF718993fFe730D253E4,0xe2736efc74c1564df055b69d61001d3777562172ff69126c68d9b58d6b1c0fa3,MigratorM1V8_1,migrateDelegatorData,"[""26"",""0xB31fB8F1629fd1523bBd4f0AEf474bEce3e3453E""]",false,
31950952,1750691251,92,0x30e48a9A39a8987419F2dF718993fFe730D253E4,0x559fb9c8d1181cfbd07964de680acdf1d887b57bd58d21e94159349e83efd7ed,MigratorM1V8_1,migrateDelegatorData,"[""26"",""0xBc8E5963604183ee8Ab8bAED671F1548413c0D29""]",false,
31950954,1750691255,98,0x30e48a9A39a8987419F2dF718993fFe730D253E4,0xee4e019b6a9a387ee4959a4acefcb833771f87b188adb905dc1611e622951cd8,MigratorM1V8_1,migrateDelegatorData,"[""26"",""0xc4bE47fF997157eA1A869cE1442ECA889121BCf3""]",false,
31950956,1750691259,73,0x30e48a9A39a8987419F2dF718993fFe730D253E4,0x771727149f487bcd761ae6c473d50fec62d5ed4374397710ca4079c4fc809fee,MigratorM1V8_1,migrateDelegatorData,"[""26"",""0xC4D83F68F783d9d833813842b006B30af2968Fa5""]",false,
31950958,1750691263,98,0x30e48a9A39a8987419F2dF718993fFe730D253E4,0xc32270f96ac41e2f9f74eca5e1da326babbcdcc72dfa2c8a98ce07d246398e88,MigratorM1V8_1,migrateDelegatorData,"[""26"",""0xe94470a4BEaB39c497f8fE88D70F3a537bba55a2""]",false,
31950960,1750691267,98,0x30e48a9A39a8987419F2dF718993fFe730D253E4,0x4e98ed4c310b701828548c552b99269a928eb3703ba1c79024c8757004911446,MigratorM1V8_1,migrateDelegatorData,"[""27"",""0x1a4B7b5E62b4b2db338B6Cb4Bea4E34e37fb3573""]",false,
31950962,1750691271,96,0x30e48a9A39a8987419F2dF718993fFe730D253E4,0x3d6e9ef49e20552f8a06ae90e32ae0eb82669f5be1ff204781c1999a494341e0,MigratorM1V8_1,migrateDelegatorData,"[""31"",""0x02CC95B317FfFf75878A8508885aE4842c6d2694""]",false,
31950963,1750691273,116,0x30e48a9A39a8987419F2dF718993fFe730D253E4,0x992b8ed463c1c065a1326194e49f49e9ed3723b324804c23fe143887b76849c8,MigratorM1V8_1,migrateDelegatorData,"[""31"",""0xe94470a4BEaB39c497f8fE88D70F3a537bba55a2""]",false,
31950964,1750691275,118,0x30e48a9A39a8987419F2dF718993fFe730D253E4,0x025460433c2c0ba3e7a9965add61c4bc13d6c2449f4aa8b6a51bc5f20771f072,MigratorM1V8_1,migrateDelegatorData,"[""33"",""0x02CC95B317FfFf75878A8508885aE4842c6d2694""]",false,
31950966,1750691279,103,0x30e48a9A39a8987419F2dF718993fFe730D253E4,0x96a3f6b332033a704fe2f051b0e4d1021ad7f5e485c83265521e0e6c04035844,MigratorM1V8_1,migrateDelegatorData,"[""33"",""0x0b8a57A5aA1Aa50981E3a7d0070C9b5b561e86C4""]",false,
31950968,1750691283,94,0x30e48a9A39a8987419F2dF718993fFe730D253E4,0xa366d39d865b3815e60fcc32e3ba0f829f0a1a310a1c042d0d320324948deb68,MigratorM1V8_1,migrateDelegatorData,"[""33"",""0x0E91710856b8aA8c2b0e78D301E7ED2057b21894""]",false,
31950970,1750691287,111,0x30e48a9A39a8987419F2dF718993fFe730D253E4,0xdb900a424d2b174ea8d3672a4e2562dae88fd5a9c51eb521d21f625eb9173dd4,MigratorM1V8_1,migrateDelegatorData,"[""33"",""0x1a4B7b5E62b4b2db338B6Cb4Bea4E34e37fb3573""]",false,
31950972,1750691291,115,0x30e48a9A39a8987419F2dF718993fFe730D253E4,0xa452283dbc7706d5f981f752671fe1214b6ae1eaa0ff816a53b4a320e11ecb73,MigratorM1V8_1,migrateDelegatorData,"[""33"",""0x1d7C34b47a366753D5A9abd2A8dD3ac213BE2177""]",false,
31950973,1750691293,135,0x30e48a9A39a8987419F2dF718993fFe730D253E4,0x34acc69fd8ab870cdc82891e138793c1c2f7f4b6adf5b58274978a4fc1698e34,MigratorM1V8_1,migrateDelegatorData,"[""33"",""0x234d939970ce2d994496d89DdA6c9c9c629016D8""]",false,
31950974,1750691295,103,0x30e48a9A39a8987419F2dF718993fFe730D253E4,0xfc71906b69c0acc028717088adf4834314d5d908f9bad75c12f02bece19e95e9,MigratorM1V8_1,migrateDelegatorData,"[""33"",""0x2a302f69f41D22AF404A0496a870854d6A8d0fD0""]",false,
31950975,1750691297,123,0x30e48a9A39a8987419F2dF718993fFe730D253E4,0x0bb95c812b72002f0b8cce87eccaee820e96eb110d447a83c7b016fab48a27ad,MigratorM1V8_1,migrateDelegatorData,"[""33"",""0x2dFeC97F3221DA9d9BCCb6D2F706aD1b53411454""]",false,
31950977,1750691301,72,0x30e48a9A39a8987419F2dF718993fFe730D253E4,0x77189a3d08f70deb998cddb094ec71581655aef8f3a224e6bee0efa93fd82a9e,MigratorM1V8_1,migrateDelegatorData,"[""33"",""0x7BE9f74E73f1d1aCe72d0e234202B9D079309DB3""]",false,
31950979,1750691305,129,0x30e48a9A39a8987419F2dF718993fFe730D253E4,0x8582e0915009dfc54bc0be0a53d2b333b44175be5b51320d02d81ed94cf067e0,MigratorM1V8_1,migrateDelegatorData,"[""33"",""0x7eb8dEabF5D3921ed081a9F3Ec89A75F1a673EB6""]",false,
31950981,1750691309,121,0x30e48a9A39a8987419F2dF718993fFe730D253E4,0x23e8d71f8ffc54c6193e368d3b3ef710836886dd74cc5f019e26388aae3e2b67,MigratorM1V8_1,migrateDelegatorData,"[""33"",""0xA543EeD9E43204aEFFbb257958DEec25F82c379c""]",false,
31950983,1750691313,107,0x30e48a9A39a8987419F2dF718993fFe730D253E4,0xc7f0a86a1636da9d1e448a2b05988787fd5ab91c0b2ddc895c3fc6db7104e7cf,MigratorM1V8_1,migrateDelegatorData,"[""33"",""0xa78E03f3FeD0b726055bB3d2003F93159e4fc974""]",false,
31950985,1750691317,119,0x30e48a9A39a8987419F2dF718993fFe730D253E4,0x56e83996d0510ad8736525ee4638e1aaf595894f9df5c0787cffd65108896636,MigratorM1V8_1,migrateDelegatorData,"[""33"",""0xaDC358150cd12943d7DdcF5434f41737F3bfc364""]",false,
31950987,1750691321,122,0x30e48a9A39a8987419F2dF718993fFe730D253E4,0x5cbe7201ed310a276aad17feb4f92ed854f5f5625051c37532f2048bca23e0d0,MigratorM1V8_1,migrateDelegatorData,"[""33"",""0xB31fB8F1629fd1523bBd4f0AEf474bEce3e3453E""]",false,
31950988,1750691323,125,0x30e48a9A39a8987419F2dF718993fFe730D253E4,0x2e20d61b3b3345a133e97782a56be3ccbe952627e3371c9afd9f155e285be7e1,MigratorM1V8_1,migrateDelegatorData,"[""33"",""0xc4bE47fF997157eA1A869cE1442ECA889121BCf3""]",false,
31950989,1750691325,115,0x30e48a9A39a8987419F2dF718993fFe730D253E4,0x935d8e3e4b458fe227f52a6746e5f4df4c1ed88ebc59bc646652319dc9097e19,MigratorM1V8_1,migrateDelegatorData,"[""33"",""0xE3eD7106E7E4aA8E8400d885f33c6c4b0f795fac""]",false,
31950991,1750691329,133,0x30e48a9A39a8987419F2dF718993fFe730D253E4,0x3742b99f2e2b7c3245403e965911adf01e945af3670d7ef3be404fa07c24b580,MigratorM1V8_1,migrateDelegatorData,"[""33"",""0xe94470a4BEaB39c497f8fE88D70F3a537bba55a2""]",false,
31950993,1750691333,168,0x30e48a9A39a8987419F2dF718993fFe730D253E4,0xf9ff617d7242e6b8a8d08ab2e905511ca88373509dc8fae67c9f185655558bb1,MigratorM1V8_1,migrateDelegatorData,"[""33"",""0xf46cd09FC1aEC116a10A1092f78d2c3da02547f2""]",false,
31950995,1750691337,253,0x30e48a9A39a8987419F2dF718993fFe730D253E4,0xc17a131752846dbcee89d9a239fe37875e8c04f388aaba395419cab5a244ad34,MigratorM1V8_1,migrateDelegatorData,"[""36"",""0x0E91710856b8aA8c2b0e78D301E7ED2057b21894""]",false,
31950997,1750691341,227,0x30e48a9A39a8987419F2dF718993fFe730D253E4,0x69a688838f546887725d24c6aac8619de4f9a28e25912a29ed30a8701efa332d,MigratorM1V8_1,migrateDelegatorData,"[""37"",""0x02CC95B317FfFf75878A8508885aE4842c6d2694""]",false,
31950998,1750691343,255,0x30e48a9A39a8987419F2dF718993fFe730D253E4,0x82761a7a0051e4b44d15dfc921403adbce7653ac3c89c501bfc8d4791465216a,MigratorM1V8_1,migrateDelegatorData,"[""37"",""0x0689225502484E7A4ce1eaEcD428Fed4CD8C80df""]",false,
31951000,1750691347,112,0x30e48a9A39a8987419F2dF718993fFe730D253E4,0x4c6aa29fdcb1562d42306a40605eda7cf47ed3662c92453f87bcfad3088cefa9,MigratorM1V8_1,migrateDelegatorData,"[""38"",""0x02CC95B317FfFf75878A8508885aE4842c6d2694""]",false,
31951002,1750691351,78,0x30e48a9A39a8987419F2dF718993fFe730D253E4,0xf41bec44ce0393595b98e505a0c0ec8b840dff3ebc84ebb7a2334bfb2cc30e2f,MigratorM1V8_1,migrateDelegatorData,"[""38"",""0xD402c33853eEe528EA8F9723d8bE26ef15B2E317""]",false,
32075034,1750939415,15,0x599C59081d9B673BBDdAfbc933B669aA84eA3eE1,0xa7eef52daf1eb6a3e2f35c4493f20559510cf6f51da589a35028be0317d5f14c,Staking,stake,"[""33"",""1000000000000000000""]",false,
