"transaction_hash","block_number","delegator_key"
"0xf336ead16bae84e52f4e63303ac5c4a21700f87036b06f8d16e6ce09246615ae","7271456","0xaaf8e9e78611b410a9fe2715c58eb7a8f5cfa7053d8840fb71d3bafe45d01118"
"0x6ad09debe02a55c778a25e699e1098cb40babcd27c07dd8191ce53d59e136b3e","7271921","0x6687087657e23bf1fa05e8079a4e3149d6a853dc64c811a40944ade4dd754d76"
"0xb8b5a74790f5091a5dd9f69b17120077c31deabeeae24772e4815aab7a5dfaf0","7271950","0x6687087657e23bf1fa05e8079a4e3149d6a853dc64c811a40944ade4dd754d76"
"0xdeae2b7b33779c16d0869264dd2e6b2eaf38721baac3843fec74169950ffd44a","7272818","0x787e2a9770dd0826ed59f7c20a17cfb71303cbe3280a342d4b25dde1c78eae4c"
"0x02e9757b82be58aae28ee2ea9b067d4441e57c6795554147beec38a9198c89bf","7272827","0x787e2a9770dd0826ed59f7c20a17cfb71303cbe3280a342d4b25dde1c78eae4c"
"0x132b29570679d3ddfdeacb12104ac03460386ae31e6c65cf93174718caaefba0","7272848","0x787e2a9770dd0826ed59f7c20a17cfb71303cbe3280a342d4b25dde1c78eae4c"
"0xf464ba52db0d51b3bfa646e6e9f2292e76a0ce9750b64861d3b42a30ea851c58","7272932",NULL
"0xf2f8fac87a86abb70e3b678a7c05dd87c71b6ac593ca926efb5a5beb09a5862d","7272945",NULL
"0x4b8e1643a2240cef5dfbabdd2c34a822801f884f05b12246f5683256160cd3d3","7273384","0x02f5c32f0c290724380053648ff1de7aca6a910ce0aed5486c9c129f03f78731"
"0x09056263596ae7ced73e4f59c9bf818420c8918553beb7694b74cfabf379e06b","7273411","0x02f5c32f0c290724380053648ff1de7aca6a910ce0aed5486c9c129f03f78731"
"0x700ebc1e4f5f23faa1b7d9e9f3163633db618fb3b961bb7df27c61571a7e2b16","7273816",NULL
"0x6df04fc7d1acd2166a98740c4700cde87e2ab161bc8dbffd75d2ab4e82dc9b76","7273842","0x4546b21588db1d59a6bf973e17635b3b5feed942a5fc26a0ec371027fd27e8a7"
"0x009798cc4b51bd5b4ee5c73c0184cb34d7d65dbd87a1e65467ee5ebefe0de485","7275122","0xa0563417062f453626aa6218c18370b666f0ee67ac1bce48e1aab4fe667b82ac"
"0xb98cd07ad95c6fff61736a28d2ca74a66c495f92bf78964d52d62dc45a908730","7275392","0x469d8614f605c8a4fb8a0a5fdca23c612ba199004df8f005ce08b27a87a03f8e"
"0xd7f8963d568b585f5f973593101f7e2f92ade6c200eddd12004ceaf8234feb81","7277730","0x18a303bbb55d9f47a8b36eb291be335c3a03f555fa2780950085c3dae35d8d43"
"0xf0152958038b14195ca9b9e8a3ea6c203b372930318c7155bb107cb71e5bf358","7277854","0x0aa870f5481d63461867a83143948a95ac2491a06b1bd1a23ac987589fec77cc"
"0x0ec0ce27de07155a0a16e68d365245e972427ef23dd2c4fd197dc0e824be8372","7277937","0xd4758ec6c48b4a89e1477374d359045e0df4ea4f9980ccaf7f79ab557dee23c0"
"0x88bf978f6a1f5085e4266c8a861f2659d0966ac52b487582d522b864f0a15db7","7278530","0x9259ae4fd9e4e8e52a9f5cf91536b7406a906763681e89db854397058c9b39a4"
"0xb35816fb31542521a938cf6d4c517cc93407f2b7555076ac526a08ffae75123e","7279755","0x0cff6bd5ddebe612e11371aa04a3fb847077cf2e8bd68db803549d44d0d1151b"
"0x20c0ae3a4b5ad39fc37fc9529d22c729d7588c77e31e19dca7604d3e9066975c","7279761","0x0cff6bd5ddebe612e11371aa04a3fb847077cf2e8bd68db803549d44d0d1151b"
"0xb2760a9a79d0114aeee9d7501f78d237b4c3cd8598dd7601e42f8c46a8722d41","7281837","0xb36e1e79d483a139bfe82a6b4eb4fea810cbda77179f4946b08a3573934880ac"
"0x21604cc0a2292e0946847a8e662f11afcabfa7e500d5a975c7dd86cccde82450","7281852","0xb36e1e79d483a139bfe82a6b4eb4fea810cbda77179f4946b08a3573934880ac"
"0x8fa40c9ecb112d4d4e1f9243d777f2d4187b70fbaa46b5793083af20a567d0ed","7281857","0xb36e1e79d483a139bfe82a6b4eb4fea810cbda77179f4946b08a3573934880ac"
"0x3b3b3e1ff9056dd2b680b610889c786a878061ba9e1ce8f3a5c792f29b9e5c3d","7282039","0xb36e1e79d483a139bfe82a6b4eb4fea810cbda77179f4946b08a3573934880ac"
"0x5b272e6c6210d6ce4c43f2f49d82e6c7070fa0eb43ccbece7362c7a71529e7ed","7282783","0xd451b010ba103bb7f86518df227c0808e2269f550b9e5308827b70472ba14b21"
"0xa0d07c139a065b75c3c6d86f23d0e61a30f43e81347f961a0763f575c4479e03","7284044","0xa0238acfa540a5a4b8f940d363bdc36cf9330486477fc542a305d911f02eab38"
"0xec31ddf5c0b38e575f4b20bc48a0198fc21ea8d01f7432c54986ea7f77d2dd8e","7287333","0xe844c3cb90a5af0b689b61b4c74f1d08712cd1885e7537093aa619c2051a6d0c"
"0x4fd7c9bd12012c6b02353fb8c7faa58f26696ea48a16d516442f227fa757a8cb","7287339","0xe844c3cb90a5af0b689b61b4c74f1d08712cd1885e7537093aa619c2051a6d0c"
"0xeabe1c5f0c25d24e33fec111430220902aca2d983e1f35ea79f4f84f963b96c7","7287348","0xe844c3cb90a5af0b689b61b4c74f1d08712cd1885e7537093aa619c2051a6d0c"
"0xd3c068403fbcced992d6a90c34a3fd097c1b286708da9bd86d122158e3bfc9f3","7288437","0xd0b4da4df15a8b0e0b1901f05af18272ed5fd379d6b3a09fd45a135746f1c56a"
"0xa14c7af7c803a69126fcd532b59b88e32ca80904ff54a9f36f1990a36c9a73b4","7288519","0xd0b4da4df15a8b0e0b1901f05af18272ed5fd379d6b3a09fd45a135746f1c56a"
"0x11832a8def57b451044fdef9e0c34cdcabfe63b9124161a2d30e1cc9553e29b9","7288537","0xd0b4da4df15a8b0e0b1901f05af18272ed5fd379d6b3a09fd45a135746f1c56a"
"0x226ec6e95b166708cae21566c0cfcb38d9007ba0649b660ecfb43a751152cdb8","7288551","0xd0b4da4df15a8b0e0b1901f05af18272ed5fd379d6b3a09fd45a135746f1c56a"
"0x225ec66ed9f3f8e7989369dfb7852c1ef6c73a46fe1db7e40b1d7b7b8c961a8a","7288566","0xaa92b3209544c47ed5d77f2e934654c189aa962a32eb99dfd9c7f10eb719cf99"
"0xdd4b6f4c9d64282d5ffe0dff2b1bc4eba3b557e64ca07182e7eece2262b08534","7292008","0x8f33591db154205b514e9f4ca3fc4e7d58d018614ead3c07dce399a51d96d0eb"
"0x1f536396e912ea0b2dedb2cf328719907bc3aea38cdb0f21faa4da900d8a7856","7292030","0x8f33591db154205b514e9f4ca3fc4e7d58d018614ead3c07dce399a51d96d0eb"
"0xd3125c8826e4497048152791c3c0387f18374f3502bcabd4cd30c20250e5bcac","7292040","0x8f33591db154205b514e9f4ca3fc4e7d58d018614ead3c07dce399a51d96d0eb"
"0xfc000c6a0e9f82b87fbb48c32fcdc6b3fef3e9dbd5749f942c6f87cbebac023d","7299485","0xde6e4c59810c9362d0231c38c89dfce5d1bdaaeb6f7acc12ec069a056934f508"
"0xaeb01a70bd834a0b898d36039defd26820d3d9d9b2448d1f8749d1339741e48b","7305560","0xd4758ec6c48b4a89e1477374d359045e0df4ea4f9980ccaf7f79ab557dee23c0"
"0xa345edbead9e3ad31d2bc03cd4dc059e50ed8e9aa5a6fa151bdb7bfba01a3abf","7306196","0xff22cddee05cdec8e013eb5d130f3b092dfb9198fc0dbbaf02f813d0f3d74664"
"0x8806d1ed3422465258a63f4e96b657cdcc3fbfd1c1805180f691f0007d1a529a","7306375","0xdf40e5f862554f61bf947930c895a4e27c0a8a0942d983efa0454d7acff04f34"
"0xf818de3ab8cd8967b1b04b7916a5b7ef14927b8530ce996f67b367abb69de954","7306388","0xdf40e5f862554f61bf947930c895a4e27c0a8a0942d983efa0454d7acff04f34"
"0x4791bebda3f6cf43a8921330fa8ce19ee3a7fa8ab747e40404a3a2ddfd57c4d9","7313595","0x19ac76f1830a72f1338ac8be136482a2b3e02cb8ff75b07d9ec20952d6c0d9ff"
"0xd2575d2c8f459764264f257f357b5ebd4e7ec92f0c482e50fbbc3a752e3ea25f","7315045",NULL
"0xeac85fe8614985f773fa7abda94c1b8b4e4fdb81a7460a1b7961660162f39082","7315211","0xf68ec59a11cd202e1dede34bc36333176e2418ce542c23e04170192fd7f7263a"
"0x004283fa258e652041df56c079905a10c309ba9d81554bbcbcce111834328f95","7315219",NULL
"0x2e13c223a6a04108b77e5177af95013d4a0f37fcbd505097dc84fad2df16c99a","7315221","0xf68ec59a11cd202e1dede34bc36333176e2418ce542c23e04170192fd7f7263a"
"0xdaa5f0fa6c9b5e071ced27b2166c17d696518a27e8b5caa5592210963a6bd733","7315228","0xf68ec59a11cd202e1dede34bc36333176e2418ce542c23e04170192fd7f7263a"
"0xce97e9962291df487906ed787f42f0908c55d2249084f348ff0977ba555da985","7315232",NULL
"0xa27297cc71cceb997ecc88115a7e3d7bd7196fc942dd7ea316eb013082ce9e69","7315237","0xf68ec59a11cd202e1dede34bc36333176e2418ce542c23e04170192fd7f7263a"
"0x68d0d1b476d1681548351e00b7fd2eaf4ca41916be4a519b464de653d89edf36","7315242",NULL
"0x06955d4946382174619d5ffeeb643b45145123a3e6121fd27723ec95274d30bf","7315247","0xf68ec59a11cd202e1dede34bc36333176e2418ce542c23e04170192fd7f7263a"
"0x8190d3976f882faac80ea2d2dfe8e59534188798423846dcb0d776f810879f56","7315267",NULL
"0x2f973837402d0359b697e19de369bde77fa5578075664a6cbd501fd8e1a22abe","7315271",NULL
"0x08af64e41e12bd0773a04d85f5f7fff8ad5c2365e12b8772a5713dc5240d565d","7315276",NULL
"0x716daeaffa373f145231ad9301053c4b72d55b5322374a8b1851d70011a33c9f","7315281",NULL
"0x1d63eb8f9bb1ae72c84af04c9783bb9fc8eb7cf12373486b23e515186acd7c59","7315290","0x7035601b19e5797ca0a893b3e12aa2495aaf8c4e727b83f0aa5d2ffeea749f31"
"0x1d565576a6a4e61ac0021cdd74c96ded188dfa7d4db51d05d409565a77e1ca53","7315306",NULL
"0xb34a19994824c52e25172de6b279705ab68b02abc7cb2471b3fedfa3b8b7dab3","7315362","0x7035601b19e5797ca0a893b3e12aa2495aaf8c4e727b83f0aa5d2ffeea749f31"
"0xa0b44ee6d6d8912b626c956c32fd41ff43e2ece46c1c7a1413ad48f4f453b1b9","7315388","0x7035601b19e5797ca0a893b3e12aa2495aaf8c4e727b83f0aa5d2ffeea749f31"
"0xdb6c9a1201422f2161ec44d7834abb88589fcb7f9145775b06f449a68cd024b6","7315394","0x7035601b19e5797ca0a893b3e12aa2495aaf8c4e727b83f0aa5d2ffeea749f31"
"0xd167da1f89c63c03d2c75fe0777a60c4c572ffebf88108bf7c87ac943e0ec08c","7315453","0xe47b22f266fd6ba1e89e07980d672e774dd4e407a4c19421efc22d394e2487b4"
"0x4fef930fe9581e45a49e70c78a1997f0e070e4a3fd96e0f6395ef3add2246723","7315468","0x732f1df96c153ae6c9205f4960f440534dc8affd3a075d83450c8c93b8ca0ef7"
"0x2d28af590e17f5bc8dfb7c9038f7d8ed0b4f4b7674caa31affff37ff5ad7e117","7315500",NULL
"0xc7e848ad89565f686e169178ef3ff849cb64ca5e08260d8b2dad85125d6cda82","7316718","0xcd7774e4456b11a3606a6fcbbcb17203435e43f06a530dac9295d1d0dc3001da"
"0xa93252e52e51d080075a0a20233c3d3a7877cd4f52e007c9d26bfef4eb19f5cf","7316774","0x6572b0cf6658cb7e4cc7dac1e1ddce646f8ff00e94bbf90f9019afdc8f9c170b"
"0x65a671f22697fa718e3bcbeadc4f316a0981c6cc8af405709f72dea871931ed8","7317166",NULL
"0x58d83470f2ff06f2e32e6377b16a13187ed380b185a6fa0b816d158c377e4447","7317175",NULL
"0xa9a695dfa30258e52d2d1dedf88cc544649de8ae16015ca948d33551a0e697f5","7317184",NULL
"0x6497c31506c5cf01251f7d7bedd171f00bdbb05e68c788a46e55db7b1ca7fdb7","7318535","0xb36e1e79d483a139bfe82a6b4eb4fea810cbda77179f4946b08a3573934880ac"
"0xbee4e0e1473008cd4e812954489e5ff07e73a1c67b45af1898ed700ee8708f8e","7318917","0x7e41288f90849ff9cb3c06b7760f66ff4f199aaddc1f677af476388418e6fb72"
"0x6851a1eb386a228b52abf69c7f2c86881661fd509b99c705f28835ff84622d6d","7318963","0x7e41288f90849ff9cb3c06b7760f66ff4f199aaddc1f677af476388418e6fb72"
"0xb224fa6d3796de8c4007377608ec085256dd8fc9ff2fa793356495236587b03b","7319085","0x7e41288f90849ff9cb3c06b7760f66ff4f199aaddc1f677af476388418e6fb72"
"0x87eadd9e892ce3aa150d16b5cdb68c8d3446385698fdfad80a2a81e00926ad4d","7321158","0x8b8e9d54c9cacea24c6637bdc6b10d3ecb2529b396ccad00bf989e222796c03d"
"0xcff12304b0f45eb1aa67ed0f08edaf0eed98fdee45bc6ca416b2a8e918c2a1a6","7321173","0x8b8e9d54c9cacea24c6637bdc6b10d3ecb2529b396ccad00bf989e222796c03d"
"0xf40a67d89cb84d5e76c92b1e356816b4ca7a03d24992ce6b8d76761c690ffae0","7331025","0x49f43a617971dde05348e842c4758be79739e15f37da0425750a388de09087db"
"0xc62acadd90be2e284c614d90dd1adafb5794db7a4bb5a818311f60090fc9fb08","7333508","0x8f33591db154205b514e9f4ca3fc4e7d58d018614ead3c07dce399a51d96d0eb"
"0xb1680bbc8dde08aa8641332d66693352a97a08ce2f454c9c4e390ab76546a5bd","7336530","0xafd22b08d35516df160bba046125de8e777c7fea3b87800a265d3d5d572d4d7c"
"0x9e50a8f7e9c9cf30d499a320c7b5b77d91321ae040ee1549fbb7d0a50b4741a9","7336534","0xafd22b08d35516df160bba046125de8e777c7fea3b87800a265d3d5d572d4d7c"
"0x412e0447ab5949dede61c67986987146e6411d493cb47947bea678283e43f262","7342720","0x0f3b6aa21acef0fce2078cb4674e45ba4e0cacd2eab0fdb9f9f0a9990c8fa233"
"0xd11bc9153d7be50d4a4e2c6bcb5202a26c8ebdd4e8445a91374e7fe8e90a1b33","7342730","0x0f3b6aa21acef0fce2078cb4674e45ba4e0cacd2eab0fdb9f9f0a9990c8fa233"
"0x030d8c7da12e12470abc53c86b39a81cb64cb9d6ef113837124c48023ceb25ab","7346080","0x07d877ccd4d4de64a6fc426e55788f16eebac786152475086a70817a83f64935"
"0x685c8f6a813d35e78a576f08f8ae092b1a66d028951d11b5332ec6bfd2a69b3a","7346239","0x2909bdf1593c956eb511663ee0e535e969905ec6c022cd96700b9d8f640ccc98"
"0x4e08024405aa51745a754fbb3bc8291fcc49d60484ca552a86e0f09049342f9a","7346784","0xef7d0645043921508dbafefdf596fedea64a6077b48821023fdf5909edcfc7f0"
"0xe2a11efd096551ae201f1ccb680eff9bd4609cb27ab4730bbd6f131a431b690f","7348831","0x192e21740a59c4b0fb87d42296e423e6d1d2c58499f75c112ebdc4da7a1f6c0d"
"0x8c80392193006fa6549df529b086b82c8f5ac357209af5733aea6930e3ad179f","7348844","0x192e21740a59c4b0fb87d42296e423e6d1d2c58499f75c112ebdc4da7a1f6c0d"
"0xdadb145b7d53247ae60b74c70c4b4d58436deccd30d7ae07d44e5032096898c3","7348858","0x192e21740a59c4b0fb87d42296e423e6d1d2c58499f75c112ebdc4da7a1f6c0d"
"0x408007ae1336aba8359ba33941d8a48a8bf29c08fdf9d6620dd4e6199e8f9356","7348920","0x192e21740a59c4b0fb87d42296e423e6d1d2c58499f75c112ebdc4da7a1f6c0d"
"0xac3fd376b4d856627041e5cc5e318b81e9b0abb6fdea0125ef2bfac87f8794c0","7353292","0xe2e363792ec8b324abc2e356bfbfe3162f7c2e08c8ed3e20d7ff9c9dcdb8146d"
"0x1ea449568bab7eeffd546f133982420efc376454e0db592e3673c7aec9257a85","7353314","0xe2e363792ec8b324abc2e356bfbfe3162f7c2e08c8ed3e20d7ff9c9dcdb8146d"
"0x8aafcab079230325ec13a62080d06388710e8cef67637e0f17cb22f69c4c3066","7353330","0xe2e363792ec8b324abc2e356bfbfe3162f7c2e08c8ed3e20d7ff9c9dcdb8146d"
"0x068b5b9292b29c4f09ab1d1b5b6748ac51958449f3c88f9e5c1c59e348a497af","7355630",NULL
"0xfe6e50fdbb616b24ae4b8b22971a9d15e6025f73ab32253b18d73787880895fa","7357846","0x902335df0298aaa09995dd8ae1c3b817916e0219c95a7afffc678a1e0abe6f89"
"0xf472f23e826670c1936c13be4f97becde4b7b01d2b5d3911c8924243b057553d","7357856","0x902335df0298aaa09995dd8ae1c3b817916e0219c95a7afffc678a1e0abe6f89"
"0x4d7fbaeb182c302d7f16494aee7f5dcfc2671229792d7998864d95b4ea0e35e4","7357868","0x902335df0298aaa09995dd8ae1c3b817916e0219c95a7afffc678a1e0abe6f89"
"0x837a28ac93a542210ddae325e63c4bc2f7a4d965be39ab48cc941c2b941f6587","7357879","0x902335df0298aaa09995dd8ae1c3b817916e0219c95a7afffc678a1e0abe6f89"
"0x9f15570d293ff281464645e11be625ade8adba70127b96adecf47f60c5b78399","7357886","0x902335df0298aaa09995dd8ae1c3b817916e0219c95a7afffc678a1e0abe6f89"
"0x12234fff1c0698bfb8802e3ef8c15363363b03a48b3d61c89e3130c1e79a89fe","7358227","0xbaadf860716f150839992f5e5320448ddcc647ce60a52bd50afc5cd513c1cb2a"
"0x50e6a846e427be537c5ab9f6595e39155d5296e67e9ed4a7d0e6bbba89a04072","7358251","0xbaadf860716f150839992f5e5320448ddcc647ce60a52bd50afc5cd513c1cb2a"
"0x497c60190e2ee813b5ffef27c5dd8ca1658ca0e49ea9e8434a3c7b95e5273bd0","7358411",NULL
"0xdb6ca207001b55a2f7f87717f4542dc3d41e8cf3ce4a57c7b174c2414ed1a4a8","7358446","0xeb94c7ad033ba49a92319ffdbe44c78bc70e7a2f38bcd8d8753af54d557d9581"
"0x2b2f3375b81ea1ac3eedd1efed6fde488253daa5c7713189e628a6279673067b","7358470","0xae222a50c77fa8e64b58d54e7a23d9d7fa3ce3d213a0dc010eedb12eb3da5668"
"0x3972f3ca5729d584fdc884605b46b206e02f06d1921b184216d7f56e2a43a3bf","7358526","0xd4758ec6c48b4a89e1477374d359045e0df4ea4f9980ccaf7f79ab557dee23c0"
"0x7cdc98abd8e03a471aab3669272e2c228ef69390a5470aa51b876bfd5eb51aea","7358582","0xd4758ec6c48b4a89e1477374d359045e0df4ea4f9980ccaf7f79ab557dee23c0"
"0x2b3c45a687fb971f0015062b088c247cf0503b1baded84ae09acced52f109450","7361126","0x7035601b19e5797ca0a893b3e12aa2495aaf8c4e727b83f0aa5d2ffeea749f31"
"0x273594d845c9748ea2cfc851e1d09e4589c0df356666f5b10a723b0fb1f66410","7361159",NULL
"0xd5e4b1d8d768560f2b808549c1f84d69ff4733582485f3668e8d777be7aac20c","7361167",NULL
"0xdb21273223306d208540df689dc39367e90fa257b0a1a48271dfb78c27c51c30","7361174",NULL
"0x87d73061d35c0dce63356d71576790f923b933a1d1525339b936fdaf6b974be9","7361182",NULL
"0xa621abc0900a460c1a744dbe12b1363dde2756ab001b6f1ad2608eebc032d363","7361200",NULL
"0xbd757b364f72ad33062f02eb6a7250a8a0cfd9c8d1bed01817a5e8d53f8bdc11","7361280","0xdf40e5f862554f61bf947930c895a4e27c0a8a0942d983efa0454d7acff04f34"
"0xc7e86771f89aaa7480acd52f625a6e17c09519df5dd167bc58a5a6a55e000ecc","7361294","0xdf40e5f862554f61bf947930c895a4e27c0a8a0942d983efa0454d7acff04f34"
"0xa0c4df52e77ba9dcf6048f9e040cc5d26732171c7b798acd271250d9525f8a6b","7361315","0xdf40e5f862554f61bf947930c895a4e27c0a8a0942d983efa0454d7acff04f34"
"0x83912436afc90fb49cd26ba99c257cf605aab55bbe4a69d639aa30612eaad9f4","7361330","0xdf40e5f862554f61bf947930c895a4e27c0a8a0942d983efa0454d7acff04f34"
"0x9d275fd543a5f26da9cab9c4770af98570d3c6dbdc0e268b4e82b33a80dfcecb","7363860","0xdf40e5f862554f61bf947930c895a4e27c0a8a0942d983efa0454d7acff04f34"
"0x5a5ad3bbe48707aae18840a308967001a0826f88631a274bb13b34298205d1a7","7364265","0xb36e1e79d483a139bfe82a6b4eb4fea810cbda77179f4946b08a3573934880ac"
"0xc30629251487dc39ec39a8f72d4a9b0d19b059d95d4c29c49a488006398143f9","7364274","0xb36e1e79d483a139bfe82a6b4eb4fea810cbda77179f4946b08a3573934880ac"
"0x92cab3ceac9cbff63471e9df4cc981b121952c07c111e24c4194ed4292c3d431","7364337","0xb36e1e79d483a139bfe82a6b4eb4fea810cbda77179f4946b08a3573934880ac"
"0x7c9bdb0b1c9b55ce3996e973305ed3b996f0c2cc8142896dcda8cd3e1616c505","7364533","0xb36e1e79d483a139bfe82a6b4eb4fea810cbda77179f4946b08a3573934880ac"
"0xbfa4572447493754306dfaf82e1b15706e1ae35f9ebef6e809c46cb501add76c","7364586","0xb36e1e79d483a139bfe82a6b4eb4fea810cbda77179f4946b08a3573934880ac"
"0x23cc400a65def44bdafaccbd61fb7f13c60d36ced99f64387cb96dc3552b2b39","7365225","0x51935abb1089b6991e221723feaebfb7dbe5610a6cbfd1a7712725e5f30e2a35"
"0x3f9562a4c99416ddf510c5e8b60acb457acc6c757eb088653e1abd90a8fa38f0","7365317","0x51935abb1089b6991e221723feaebfb7dbe5610a6cbfd1a7712725e5f30e2a35"
"0x9c1e4fd330606c1451e2f88258cc237de5b9cb280af915110268c6e241fa4876","7365373","0xb36e1e79d483a139bfe82a6b4eb4fea810cbda77179f4946b08a3573934880ac"
"0xa0d84d4bda336d039a64d9721b1e9f60d34456b363832c45cf617816c32e3109","7365766","0x51935abb1089b6991e221723feaebfb7dbe5610a6cbfd1a7712725e5f30e2a35"
"0x0a659fe6660c9d194f492418e2d4c298f354ea62eda64fb7aac2c89b5a76750d","7365860","0xb36e1e79d483a139bfe82a6b4eb4fea810cbda77179f4946b08a3573934880ac"
"0xb8a5e7a749e9052ddba90733de4ce1817b0189e4f35f2c1921db947615b40cac","7366460","0x51935abb1089b6991e221723feaebfb7dbe5610a6cbfd1a7712725e5f30e2a35"
"0xa4e6b4eac526b9438d5241580071076999d1ceee84edeef7032fba13297ff289","7366468","0xb36e1e79d483a139bfe82a6b4eb4fea810cbda77179f4946b08a3573934880ac"
"0x7060c7e1fb37899d602e3958ac81a51ca75e453b14abc1c2e538471326a8f617","7366474","0xb36e1e79d483a139bfe82a6b4eb4fea810cbda77179f4946b08a3573934880ac"
"0x2c4339cf42277344e878bf167a44f2b9d7934aa538aaa4940714283752df0bcd","7366478","0xb36e1e79d483a139bfe82a6b4eb4fea810cbda77179f4946b08a3573934880ac"
"0x8b6dc7bbafaa799d035a47f6b7bb0b38735325fd8df0a349478d4879a5aed948","7368532","0x86b1e20bde59d10d4db550110654d8bc9cee4dcb4a86449f0cba61c63d4b102b"
"0x36e73e153e3008cb33103bd6f1436f66a1f07d8941e55f3b7eb71690cee32a92","7368707","0x86b1e20bde59d10d4db550110654d8bc9cee4dcb4a86449f0cba61c63d4b102b"
"0x62471856e2aa81037a34bcd7369df4583dae453632886957114bb2fddb968eb7","7375712","0x8302f584f05fdff5dd6dfcdd3071b65c3a8d9cd6f5a30d23f084f9e2efb122ab"
"0x69dc2e921e277ee2fa6510fd9aff4216614047025572d1dd526c68e301ab9d9f","7375716","0x8302f584f05fdff5dd6dfcdd3071b65c3a8d9cd6f5a30d23f084f9e2efb122ab"
"0x68ab8cae7bc8b2c48811bbae455c3f4bba7efbbb1fb047b999c9ff6ca56c3e26","7388976","0xf9cc53b4399ade51f089f34c23c9a783b485a8fc4301e722ebb2b9912346afa0"
"0x3f109125c0e8d1747bd8290aae3c1e7ac347377fe69b3e217e42e7d0abd6460e","7391575","0x1af3ee3391a6bf694e3b742be8ada80fc53bb8c043bbeb1992828538140df46c"
"0xd0466bbe0acac78613668b5287b7a449c8af2d16c18e18c1e3f43aacfe10104e","7396623","0x77d96a1d8348df325b55797b50e6eeee89b0b9904e6fe5e78717b2f431a2b5f1"
"0x9ac68e729fe908b4e2fdbbe1f36c607406edda4f659d1aead23400ed37c90eb1","7406975","0x4c1b3e03a420e6a37a76b573699a23af8405cded67a89257544e8f714d9244b1"
"0x9886d287743290ddc56ea1216b865d5fb32e4bc411ce8e7fde9dbbab11b8098a","7406981","0x4c1b3e03a420e6a37a76b573699a23af8405cded67a89257544e8f714d9244b1"
"0xfdb067d6b528e15169774402adc9b65caaf4b850ab7cbe7df1246a05f77b01f4","7407113",NULL
"0xe8323bba4aefb523e452f6fa82b3c08ffbd8ee924437f628dd9a021cfca0aae7","7407116",NULL
"0x7a73d574cb43675d0ede1c126a0f6d138b1cb199242790a54706ebe3ff0c0b39","7409182","0x5bef9a662243fe48b1a848aad123cbc16698a171430dcfa8a5788afeadf49881"
"0xcee6ebd04669bde6056f7dfe0347f05366d17048bf6a9f31843709643ef11890","7426634","0xe2aa588d280417c5cc4131a32f9862e8a64dac8369695a4bd2ac36694f6ec78c"
"0xa175bab0f0a49c544fd9eada17ca341c20b892a6fa0b78571eed6f3a4c9f59e6","7426649","0xe2aa588d280417c5cc4131a32f9862e8a64dac8369695a4bd2ac36694f6ec78c"
"0xe6cc9a483d6f421934627c30d8fd52afb18573cea461563cf4b4fe1b8f2c754a","7433262","0xd686ef0fadeeeda4a41e6fba81a6be321908c7da266ea6717b83069664f5902b"
"0xf9f4bb7b221f49d38008fe6b6e6998e5546be10e04bbe933fa85b8f3cbea5b86","7433339","0xe8620cf6ad2f80e2ff86765bbe48fd9db7a65a03bed4b52fad4af5335c37661d"
"0x270c71f624492cfe469ca0a285d00e5cea45726c0583cfa67c5bb23d9d03b07e","7435426","0x4c1b3e03a420e6a37a76b573699a23af8405cded67a89257544e8f714d9244b1"
"0xcdb8f74f7af2657ed8b950b5a284ea71cea08867a4820ba86dd8b560fc6f296d","7443466","0xd5b9b66d1c97f3ab032268001c31f0da0d16b61bae53d37a1869d07fc52e17cf"
"0x4f0db52a7819b818a27a554b220b50fa76268ed042847db3341b73fba37c3d36","7443478","0xd5b9b66d1c97f3ab032268001c31f0da0d16b61bae53d37a1869d07fc52e17cf"
"0xef2511ef96f7cb6520db40e2fef648724f2a4d85411ca92ef113e281fabc24ef","7446011","0xaac86010b160e63d66d25260f356263248d03301dc3a97f508c35a5a1f965ac7"
"0x3efefdb07b3bd683926e166de3599cb2ca43f4c0a60d8e2f0f14691f73ee4d5e","7447047","0x972924178015e42dfa7a424c92cabac1192560c6a07991227ea7ac0a13a1148f"
"0xf42ea6d78f2432a9e6da2eb7a4aef5c5b644d4888d9af1edf3b847dd61445446","7448418","0x4c13d26b8ecd4ec95645aa632900c109c1408cd0f3bef0ef1760ade768c56d06"
"0x62640a73adba76dfc2cc85afb6d41517cd8335f69d1b6841770f5e0646fe630c","7449112","0x896029b5a1a3677ff12a87d1f132ea9f140d72b59ab37ddc388a787d0acbd91b"
"0x78585a0217d5cf7acf6d05e1fb4d598e1582723021dcb02782b5e5918cf2eeab","7449123","0x896029b5a1a3677ff12a87d1f132ea9f140d72b59ab37ddc388a787d0acbd91b"
"0x5284bc9d3c03e8d6319f8641afb9b632eafe0074c89e97114cef7d134b0b7bb5","7487981","0xd0b4da4df15a8b0e0b1901f05af18272ed5fd379d6b3a09fd45a135746f1c56a"
"0x390368dd5e36680c6f3560c9eb9fe7d0c630246bb7a74d49709ca9ac36790ddd","7487988","0xd0b4da4df15a8b0e0b1901f05af18272ed5fd379d6b3a09fd45a135746f1c56a"
"0xf8518723d6c7c158d76c6141fb188ba3d07d895c7a37ba35b74bfeb49f6aed9a","7488312","0xa9b2606c5734e9d5be733d31befd675f01af31e0145669eceedab8f33cf8744b"
"0xd95754cb086631eb54fce603f03de437d0a8fd1d561af20d1dea1c104e80c202","7488374","0xd0b4da4df15a8b0e0b1901f05af18272ed5fd379d6b3a09fd45a135746f1c56a"
"0x64ed6a1a14bf8f4ef41a345c6b66b17e1a6576e7eded9fc7d0656dfb3eb77760","7514039","0x8feea620e5d16c69d9f79fbe0f420dc2513bf2278d2e9499b108d7785c0577e1"
"0xd39afebb9ec2a63c09966b705ace03eaba6ab1ccb6c7af1b90ffcb3b8820ab71","7520643","0x8b8e9d54c9cacea24c6637bdc6b10d3ecb2529b396ccad00bf989e222796c03d"
"0x0ebc5b6ffdbeab879221ada230b81b07b12569d009ca93784b91579d9a2851ac","7520651","0x8b8e9d54c9cacea24c6637bdc6b10d3ecb2529b396ccad00bf989e222796c03d"
"0x42c59f9fccb7fcbad567b65247e88c919d4df0b152366f65d5038b7f7d752d67","7535485","0x130664759db18dc6766f1264952d8ff53be79ddb6e02bb09ad9993a8ec3d3784"
"0x4c39ee2142b1491e647d442f8204e935bc650afb5ee95f24a8b6a603c4003ff7","7535490","0x348c17378f9409f112c56165ce332c55d989a0b2089a84ddad219cf038493029"
"0x1ee15a2de2c76963aa5d2b5cbdf780b90961fbd0cac365bde33535d10018f28e","7535513","0xbbc85f066321155be1f33a1712babeb92b861f6a7b49fb675aee531f5c8eb9d3"
"0xaebdd9795b5b6a88f70b8d99eaa1f707ad9c5d9baa4471209db242e79b3b5acb","7535572","0xde6e4c59810c9362d0231c38c89dfce5d1bdaaeb6f7acc12ec069a056934f508"
"0x61971da6a2bb31769a50e3efd16d4a514f46913fff66c16ae59cba8627d221b0","7535731","0x096ebc87a3673e00c99aad1beea9defda6673ed633c353add5450f1cc75aa195"
"0xf10f033a28be8f43e3270fadee31f8097a5aefa590720494aa2e6bda60453f85","7535847","0xffc947a563d122c1a72c03ca9a2d7187cad7462e483bda3798a012d755f00a33"
"0x92d8654c62285160c6fb7af848e07fc6c9cc2a6ab9314f8e909c5eec5f827a2f","7536195","0xd0b4da4df15a8b0e0b1901f05af18272ed5fd379d6b3a09fd45a135746f1c56a"
"0xa4ad5fab330bbc75212147cff99f97b5942e4407e6e3007dc33ef5a97c3c7d3d","7536201","0xa107f9087ac1456037bc38edce7270ebf71701ad364491f62fc33368a1c12bcf"
"0x275432a3974cc785fe420968cf841bcd8d0605a358a603f1a8b06ecb1be880fd","7536450","0x01abae51086635bb607999a85af9f9d1ab0b920ac0da53e62a2ce2d8e1916238"
"0xab359e3e5bf046d3bdfe7c1df6df8781163cdaec00c91e1634518efd131001d3","7537820","0x02ef54f00b714c8cfe3fec01ab38bd1226f34b7dafd2edf417e02cbf3303daa3"
"0xca63a965abd0da2ca3665dc4eb6bd33c34010c0df5faa82dfa367d0e3585f8d0","7539259","0xc105b53eac74f1a29f1c23458d2b0fbc94d34a4b7ddf7426e38f6831ffd2637e"
"0xf59bd25fe0cf3f485bdda4157deb5c0da49afd2267c35ec7991ba22b18d48875","7540989","0x787e2a9770dd0826ed59f7c20a17cfb71303cbe3280a342d4b25dde1c78eae4c"
"0xb942897e13d4b6475b0a39098592f87b274001015e10be283491c9c5d321d47f","7540998","0x787e2a9770dd0826ed59f7c20a17cfb71303cbe3280a342d4b25dde1c78eae4c"
"0x4fe0b44cdd18e6280bdbe09f8a0c189e0c7a566f5a4491cf55aeb9f5adaf3e1a","7541056","0xa9b2606c5734e9d5be733d31befd675f01af31e0145669eceedab8f33cf8744b"
"0xeaaf9b41f07cbc6e6f354a6967bddb204eaabe7fa981d7bd906a996bd5daa285","7541065","0xa9b2606c5734e9d5be733d31befd675f01af31e0145669eceedab8f33cf8744b"
"0xa45a7f2bf0bf309c8a88f39593cb78bf4a94df5c492e4518464e2d12311b2388","7541112","0x68ef43d76bca65d4963a1208a6ea2d5fc3e4b82eee9b8f2ed2816daa934a3332"
"0x9f217b48f4840fb3255ab7e36eb9a1dd023fc92e583453cc005df89db7c40e15","7542247","0xe950e3d4fa61f6d936470aafb55fa67386b8fa85891c4451e5cebdfebdac47cc"
"0x81e9965547eb3e529b9374d5c0ef885c49fc760b2d8e097f6fb52f823b03f076","7545529","0xbc8ecde447e4d94a036a74ce7c49d5fbf96715d93739ed8415dcc25f5c6e3eaa"
"0x6ddc97f47bee7d1595e2428496255f431450af9a7099e9ba14fdac0c53de8e12","7545850","0xfa6acf2bcdc1127a7e81de5bf1c89d511300151d546801c7457bc8cedef4df4a"
"0x2cc366ad6f9441a170be00acd59a1c25e8e781d51fc29e17651e5c6d026c19b9","7549084","0x902335df0298aaa09995dd8ae1c3b817916e0219c95a7afffc678a1e0abe6f89"
"0x92ec0708134da35becb2a5d46ceef778bc9f9f4e0ed6312d0c26a01f6218fe58","7549092","0x902335df0298aaa09995dd8ae1c3b817916e0219c95a7afffc678a1e0abe6f89"
"0x7631e01a3e001abd5dffde834fa10d6a0951efa012b448268329dbb4363b7d27","7549372","0x652ba9d00d2822de3fa1a60c5e47de5b5a52af6ca3ba3f7f0170a64efc58fb27"
"0x6dc28a2ed28bad5145ff63f76e312945548925e25e2a17da74fa246ae54c53b2","7549884","0x787e2a9770dd0826ed59f7c20a17cfb71303cbe3280a342d4b25dde1c78eae4c"
"0xcb4747c511b2f37e0b868902cba22c16f64a4b12c1a2a7b0d9f2c2af6a695280","7549892","0x787e2a9770dd0826ed59f7c20a17cfb71303cbe3280a342d4b25dde1c78eae4c"
"0x8fe883bf4b61112e10e8a48fcf414c06b5d3476b19de6f58028abd79688bdd17","7549915","0x787e2a9770dd0826ed59f7c20a17cfb71303cbe3280a342d4b25dde1c78eae4c"
"0x0379132ee252069bf120473d3d406cab94800bf1bcd442aad04e21059ca9b9c0","7550852","0xd53b7d4244d15deba01e51acee299d20243c7598a4aaae2ab9520379aacf028b"
"0x869e0f3f2505f4abd39869478e15b81e5d61f7891e3f6b4da8f77c9fd65d813d","7554189","0xbc8ecde447e4d94a036a74ce7c49d5fbf96715d93739ed8415dcc25f5c6e3eaa"
"0x5e502955f48573ee6eedb3131f8454e900af22a9101ac465303809832a380276","7554196","0xbc8ecde447e4d94a036a74ce7c49d5fbf96715d93739ed8415dcc25f5c6e3eaa"
"0x673bb29129a8ddfaf74f7f455586775f4810ae79eaa246557f43281405746d1a","7555225","0xd4758ec6c48b4a89e1477374d359045e0df4ea4f9980ccaf7f79ab557dee23c0"
"0x0d38bda84ce53758e3014e11339dec21e38cba47234d0fa5bd8d677c599e6af2","7555517","0x652ba9d00d2822de3fa1a60c5e47de5b5a52af6ca3ba3f7f0170a64efc58fb27"
"0xb3837088c6c97114703ee118a2f0cd766207b7c1eac3c46453ce9e151e60c0f4","7555527","0x652ba9d00d2822de3fa1a60c5e47de5b5a52af6ca3ba3f7f0170a64efc58fb27"
"0x4ed5ec69c7ba544c8fba61b6bbbee0a9ff759100e2fefa3f32861bb69478e47d","7555536","0x652ba9d00d2822de3fa1a60c5e47de5b5a52af6ca3ba3f7f0170a64efc58fb27"
"0x2684454a62cfa95c37fef8e0af9f22d1fc0a5f5f8c41f268e07f44f419cc15cd","7556173","0x292a81c95be00aa1c302d7ebb2317d002d5adf1ee715cfc2de2513d69ce443aa"
"0x0476c8c76636e113ac34b8ba51a2843abe0bd018b3fae3c2754bbc6d8b6a6183","7556269","0x292a81c95be00aa1c302d7ebb2317d002d5adf1ee715cfc2de2513d69ce443aa"
"0xe09d944e30260486227ec87e5a9f1aefba02f147fcb9a0a70bb08c062679b9b8","7559435","0xd0b4da4df15a8b0e0b1901f05af18272ed5fd379d6b3a09fd45a135746f1c56a"
"0x9dabf3365c29bd4a3f3c78ed4f104b668b0b2680054bd401167c954388a18d51","7559554","0x0f3b6aa21acef0fce2078cb4674e45ba4e0cacd2eab0fdb9f9f0a9990c8fa233"
"0x73eea30cfaeb2dba9c2b3dd84fb85fa803098754a9151a236e6b3fc59726520e","7559648","0x0f3b6aa21acef0fce2078cb4674e45ba4e0cacd2eab0fdb9f9f0a9990c8fa233"
"0x742b600b4df554226c45d1c2777860b38b3f1f149c9c4a5b6fbb0defadfc9b8d","7559656","0x0f3b6aa21acef0fce2078cb4674e45ba4e0cacd2eab0fdb9f9f0a9990c8fa233"
"0xfa42796aa9575b48cb04b91c28408396ffa1a7d807b2ce6c7380d5c218990451","7562508","0x896029b5a1a3677ff12a87d1f132ea9f140d72b59ab37ddc388a787d0acbd91b"
"0x4ae8b83e15d1279e4af5b01a584853edc57973f865f732b9f1e58926add4e0de","7570911","0xea812c62c70040bc882d5ed6170998d7c8a40f3d8825d93496774ef47e1e01d0"
"0xd5a5444567d7fb3a923de08a87e64ce2f73e8698ba6a6b17757af42c7f00e974","7574512","0x5e5300ff532315e4731def17b21eec086d56101b9dfcd155674547ae5c324ff3"
"0xb08133f3eb671cd33672117b996b630c1d39d51749a92eaf8bd5cb1cf110b2e5","7574733","0x5e5300ff532315e4731def17b21eec086d56101b9dfcd155674547ae5c324ff3"
"0xc9506a39b25fb08bc9d24a3db5854d4712ed5b6ac0d6d1a8b747f17ff47fd13d","7574749","0x5e5300ff532315e4731def17b21eec086d56101b9dfcd155674547ae5c324ff3"
"0x3804af1e2e3ada26bca97e78082c2f0e00fa6bd4168faf946f125b1af0bba499","7575251","0x652ba9d00d2822de3fa1a60c5e47de5b5a52af6ca3ba3f7f0170a64efc58fb27"
"0xd35e55431b4b81467f99e22ae366b13fe0e56dd2c3ca352b7fdf4da5e7c645b5","7575265","0x652ba9d00d2822de3fa1a60c5e47de5b5a52af6ca3ba3f7f0170a64efc58fb27"
"0x94eda7b67536b28bb2bff6463a37efdb1af9125e9c2f66dbe2410e951b8899cd","7581355","0xb30387ac6d8051c2404d37623339223e4d79ec71881f5d3a555a8b1ca67fadcc"
"0xf7ad8935c3f8c6693a9f4775832f7baa85eac14325edf14f12079c9328997288","7581373","0xb30387ac6d8051c2404d37623339223e4d79ec71881f5d3a555a8b1ca67fadcc"
"0xa409fddc8c73294e2a7d8f67cefb1d5f373cd459ed9872ae5e9df22dc00bd3d3","7581417","0xb30387ac6d8051c2404d37623339223e4d79ec71881f5d3a555a8b1ca67fadcc"
"0xbadf7f2fdba089688342377a49ef6f3efdba0aa88d843efbbff3cb3df82f16e6","7581457","0xb30387ac6d8051c2404d37623339223e4d79ec71881f5d3a555a8b1ca67fadcc"
"0xdc211364b9b55903c300a8fe2d1c9ac8c8577f05adda4699d919ddd6d1cbb463","7581471","0xb30387ac6d8051c2404d37623339223e4d79ec71881f5d3a555a8b1ca67fadcc"
"0xa18ddb80408953c6ec6acd3c48db1b47933d8bb8656667edc4ff2d74228141ac","7584426","0x87d0378c2b340b67442e6936815694150d1d48908757571936971495f149b6fc"
"0x246e1d45e8b767965eb09b7c584433d9245eda9c66ef22d972245e7534b23a99","7591350","0x9eabbde760d9adca2d693596c5b628cd43b8bd6215d4bd8572fe671d83efe9bf"
"0x1900b1990d8960b371bc3bf6a4dfeefb899ef6d672f1f6c4527bc1ce3ac95cfc","7605521","0xd0777ff14eeed07d7bc20cbe3c9fed7e5b2201c2893705196659f457e97dde56"
"0xb076db4b072a14aa5b8acfb0c0423535f819b7f4021bcf6984d696f2992ba98c","7605565","0xd0777ff14eeed07d7bc20cbe3c9fed7e5b2201c2893705196659f457e97dde56"
"0x0ffd04fcd99142c821a959e30e52422e1cf8b72871cdd06d4d959131e95b7a6e","7606027","0xd0777ff14eeed07d7bc20cbe3c9fed7e5b2201c2893705196659f457e97dde56"
"0xd8bdd21c204343382c6f605c7d076b3646342adf91d2b3a0143009aafe8a8469","7628168","0x1693fec4da1906639ec98f105b9f8a5a0d5495edec754b81e0c521e12f281915"
"0xc6d6fcfacb27ccd929fee6f547aaae2325d44782878206711c2faa392b0238ff","7628645","0x1693fec4da1906639ec98f105b9f8a5a0d5495edec754b81e0c521e12f281915"
"0xeb89a3c8ce6fe9d6a4c0d9dc217bf3a694633291f60869fc64d6bba1a3f64585","7629101","0xd0777ff14eeed07d7bc20cbe3c9fed7e5b2201c2893705196659f457e97dde56"
"0xed9f7af2ae550bf846f4b14a055d60edb8afe5ea867a51a3a1fd504814a12e90","7635294","0x8b8e9d54c9cacea24c6637bdc6b10d3ecb2529b396ccad00bf989e222796c03d"
"0x79c4102d9bd37e99105c36a206aa083d30474ad13aad68754cccd6dcad5d48ce","7647523","0x652ba9d00d2822de3fa1a60c5e47de5b5a52af6ca3ba3f7f0170a64efc58fb27"
"0xdd3a400920dc7c1848d59befef3d17f9abf74e6344b8dffefa8ab36e56a0d044","7647588","0x652ba9d00d2822de3fa1a60c5e47de5b5a52af6ca3ba3f7f0170a64efc58fb27"
"0x4bf61092b5e459ab8d2d8a2690e8f2c26fb07b1237e93a38634519c9e0b54a0a","7647594","0x652ba9d00d2822de3fa1a60c5e47de5b5a52af6ca3ba3f7f0170a64efc58fb27"
"0x1781f5ad26568e9d053fee30ca9b771a417f983d5836ec5c9a6a2a29b77dc2cc","7647611","0x652ba9d00d2822de3fa1a60c5e47de5b5a52af6ca3ba3f7f0170a64efc58fb27"
"0x81848f01cb520ed8f13d71e8e7f528e2e08049781566a4405d7ee8c61f3b5916","7647616","0x652ba9d00d2822de3fa1a60c5e47de5b5a52af6ca3ba3f7f0170a64efc58fb27"
"0x4f2b73654f25b2351f23d33a6a7b7ef7de8b39102d1e1213a9bec158029c50e9","7662631","0x9259ae4fd9e4e8e52a9f5cf91536b7406a906763681e89db854397058c9b39a4"
"0x108648d0a0e5307fa5fda268e32580518cb65fc9aa23d6e117d978c4ac1b0c0a","7715431","0x8716a3763ca9660ede31e0c3239264ff468707b63fb75da6e5b3435e878d7a9d"
"0x1423f627e89ddd970b3f6f8f5ac3e7a1f0421d7196b1e1c81d026c08463326ab","7722170","0x8b8e9d54c9cacea24c6637bdc6b10d3ecb2529b396ccad00bf989e222796c03d"
"0x4af57336ec4eea1a203aa8c0bdaa43f8c33a5b10eb6c1c355080caf0a195e9d4","7727080","0x0cff6bd5ddebe612e11371aa04a3fb847077cf2e8bd68db803549d44d0d1151b"
"0x87ef411ceec510ffda63c8501b4e88dbba952d675ff66c99019935cf699a4a61","7727092","0x0cff6bd5ddebe612e11371aa04a3fb847077cf2e8bd68db803549d44d0d1151b"
"0x0df284cad8125a7ed411b4847fe1b273d83e62ee193d0d533f1301fcd3a81b47","7745996","0x1693fec4da1906639ec98f105b9f8a5a0d5495edec754b81e0c521e12f281915"
"0x71613463e450f9cc3db82fe8ff1a04f050756ff918db8fb3714977d5cc7bffb0","7746005","0x1693fec4da1906639ec98f105b9f8a5a0d5495edec754b81e0c521e12f281915"
"0x0102a944ef6ce3f0d6c803f9637bccb6264fb6e50e5a8981f0e580c3ca81c295","7746024","0x1693fec4da1906639ec98f105b9f8a5a0d5495edec754b81e0c521e12f281915"
"0x5f5127ba05857f9ca8d1e74158d4610a294153b4bad545be6221cf694a6eea8a","7746038","0x1693fec4da1906639ec98f105b9f8a5a0d5495edec754b81e0c521e12f281915"
"0x1d08146df0ceaea01af310d57aefd78266080bb252ccbea9e44df0daaaaee2d3","7746068","0x1693fec4da1906639ec98f105b9f8a5a0d5495edec754b81e0c521e12f281915"
"0x6d1bebca8fe013350284515dab3c501b55fde93d2ad58030a6526a72b9746f14","7746091","0x1693fec4da1906639ec98f105b9f8a5a0d5495edec754b81e0c521e12f281915"
"0x74363bfa0c938c5abbe4fbb05d9c023498f81154b5c053df1e2bc0a368c98760","7756034","0x7f232fdd545425f24421ec92c40db01339d25b4f6602a431eedad50d5df0aecf"
"0xe0c95ceac6944f3aeb96aefd4f97d0213cf197de4e19f116c6d7ce528812d16c","7756073","0x7f232fdd545425f24421ec92c40db01339d25b4f6602a431eedad50d5df0aecf"
"0xa70ab1e7164cca00163a928298be7c335a9203850bd2d141ecd4a2aa058d59b1","7756246","0x4150791c0008ffd9f5ff6ec8efcf8ceba10c3f2e2ebb563a14c7dcd1dd640521"
"0x15436012302c4a46869954c54378fb10fd9209d016644627144bdd9feeb8ed4f","7756267","0x4150791c0008ffd9f5ff6ec8efcf8ceba10c3f2e2ebb563a14c7dcd1dd640521"
"0xe11f35a7947d69aea06923c068577df4452ee6ee0f3494eeb88b23e3639377cf","7756284","0x4150791c0008ffd9f5ff6ec8efcf8ceba10c3f2e2ebb563a14c7dcd1dd640521"
"0x2c452b4f6bb763ae61c2f4901d0225fca19eb6708b184fbef08e0043968cc21b","7756292","0x4150791c0008ffd9f5ff6ec8efcf8ceba10c3f2e2ebb563a14c7dcd1dd640521"
"0xfe22769f830ce43e853badc03fa5ac91b115d880f4e90c2565f45d5baca06619","7756299","0x4150791c0008ffd9f5ff6ec8efcf8ceba10c3f2e2ebb563a14c7dcd1dd640521"
"0xfab40d66d0b19b757bdb6c7dd037e5d50375a498d22841c01b1d8a1429536f33","7756390","0x4150791c0008ffd9f5ff6ec8efcf8ceba10c3f2e2ebb563a14c7dcd1dd640521"
"0x4197aa4ca02684ced454071dea366198c2a7d48951f2cd2a6ae68ee8320912f1","7757526","0xd0b4da4df15a8b0e0b1901f05af18272ed5fd379d6b3a09fd45a135746f1c56a"
"0x1067889e4688eb6319492203bb419e6b6ab813e78409ddf3fe8580cf0e89e2be","7759240","0x7035601b19e5797ca0a893b3e12aa2495aaf8c4e727b83f0aa5d2ffeea749f31"
"0x16e92fa37620e8e783bd165999f552dd7c204109cee6758fec480c4aca3ba212","7759245","0x7035601b19e5797ca0a893b3e12aa2495aaf8c4e727b83f0aa5d2ffeea749f31"
"0xe739b75431e7a5ef0edf9e66d216d14f8428f9e6aa069714fcfaf281dad5a09f","7759249","0x7035601b19e5797ca0a893b3e12aa2495aaf8c4e727b83f0aa5d2ffeea749f31"
"0xd6fa3a056da48198fa4c07da80c6e0d8d98b403f4937886fe179fac847e9e45a","7759255","0x7035601b19e5797ca0a893b3e12aa2495aaf8c4e727b83f0aa5d2ffeea749f31"
"0xa93494a70db61df4d7424c8f1d05a8346d8bd6ce211d19809e25669fcc703b23","7764379","0x469d8614f605c8a4fb8a0a5fdca23c612ba199004df8f005ce08b27a87a03f8e"
"0x6ee754aeac61ea4ec386d1106e77e60869658e943befb1a0dc3ce1c6de2b52ee","7798915","0x27d71551bd7e2f9ccad42730314510bfacb27e202f05ce5dbf0c90051c77cf62"
"0xc7ea293b6f0af23b75fc81fd0bbd3d7b8a975ff74b56813d9d117ab7f0da7001","7798960","0x27d71551bd7e2f9ccad42730314510bfacb27e202f05ce5dbf0c90051c77cf62"
"0xca69324d587d45e227f6da00234741ac78fc07628c873655f374de2b43c86dba","7799247","0x27d71551bd7e2f9ccad42730314510bfacb27e202f05ce5dbf0c90051c77cf62"
"0x07bff8dbab11460ea20bc3f61249a99ff24bd19616a31acec65510ae6144088b","7799257","0x27d71551bd7e2f9ccad42730314510bfacb27e202f05ce5dbf0c90051c77cf62"
"0xf6123ec1c0fa28425c84ec0b6f783597500a91e77f73b66b512782ed741e4d1d","7800522","0x1222498d796a841b821d4f053af811974a11b0174bff956fcb36d5154b69d9a0"
"0xa66f5bd4b5ae28cb5af6066f0821abdf11d317f0e7fa06604b72f9861029cabe","7800675","0x1222498d796a841b821d4f053af811974a11b0174bff956fcb36d5154b69d9a0"
"0x7844f3fe72a5185454d9e169ee0991e6f7d4ebe30c9680b88151d695eeb692c2","7800809","0x096ebc87a3673e00c99aad1beea9defda6673ed633c353add5450f1cc75aa195"
"0xf320f25793299c14788366c4f020c7a35786b405b714c338eec4dcfe8702831d","7805252",NULL
"0xf961c01e8e9f8e26138d88dfa2bdb7a9a11e4cdeb3e505c19b4c2561387ba204","7810911","0x902335df0298aaa09995dd8ae1c3b817916e0219c95a7afffc678a1e0abe6f89"
"0xe2a49aa960844124dd633abbab25d69a551e9b56963376228ddaa8b3ad290232","7813013","0x67624069f7fb9108a28dd4264074d43805f7e9ac0d521209cec054a448280172"
"0x1c08d60d6814e4affaacf6cc5ff406ced4bf385a15e8c53ce18015f077b5c0ce","7845166","0xc44deb600a363e2b195b8064a5e1687627f041b7f68401458d350482f5927ac0"
"0xfec61807ddaf551f64513c373a0d0654a16c971bd6259031c72023c5e3744991","7865680","0x8bf1909fe169b0f4132065e5860712649121531e313516e0c88bbdab6f0fa5c5"
"0x81d1b0ea2416edf1e7fb9ca9b00956bd8a692b20eb9378d33c695b7c0b7667e3","7866252","0x8bf1909fe169b0f4132065e5860712649121531e313516e0c88bbdab6f0fa5c5"
"0x5758dac5c7418ce1d3c4887875f094fcda85b88e6bcb4b6f272eea0087704db5","7872940","0xe2946ae618514fc36569f795e387db9cca9dd65d6f5b3d2604bbad7563bb1bc7"
"0x2fe0edff688a7fb04ed4caa5c83312e3f6ddcaed910e7551fa4e2e12956f8689","7872983","0xe2946ae618514fc36569f795e387db9cca9dd65d6f5b3d2604bbad7563bb1bc7"
"0x53ad89aa6cf495b613eca45fe5b53a62687bc93bb782f928f9bfef5c8e83f57b","7873034","0xe2946ae618514fc36569f795e387db9cca9dd65d6f5b3d2604bbad7563bb1bc7"
"0xcc4ef2c89e7a763a404f48dcd97ff86a7d965097e1ea92a0e8f089f3694e692f","7891345","0x17cc4e5698a0e8d53de666ef80daf5387f6c80fb6de2be9354ffb28a7bc7bee3"
"0x113a0ad74d62ef255c0a2869795663d9c43c700dc0865782ea12e2b8a9caf65b","7898646",NULL
"0x575c1cfce1fa91ae4c4faf545e8e7ce3e7b1cba28982d35cecc3c22744fde991","7948707","0xe2946ae618514fc36569f795e387db9cca9dd65d6f5b3d2604bbad7563bb1bc7"
"0x36f00a9ced8eec6ef793cebebd27b3ff4327ed2b7235907df6e216a483da6de0","7964935","0x8b8e9d54c9cacea24c6637bdc6b10d3ecb2529b396ccad00bf989e222796c03d"
"0xd8fe84443b6566d8c5f30ba7cb716c39c1a4dbc497bec48c35e1b95ea2f186fc","7965664","0x01abae51086635bb607999a85af9f9d1ab0b920ac0da53e62a2ce2d8e1916238"
"0xb91e7f033464f425c9fcd811c789b62706ceb8df7e882a366c56299efd15dc4b","7965686","0x8bf1909fe169b0f4132065e5860712649121531e313516e0c88bbdab6f0fa5c5"
"0x3e8fa15c9dfd193242806382e728ef5e593c01b448e03309617f8347b2927e26","7965723","0x8bf1909fe169b0f4132065e5860712649121531e313516e0c88bbdab6f0fa5c5"
"0x40c49103a7794b989d7124f35b17f9d9ec12a9bebe51b7cfc673b7ab1b792a7d","7968467","0xd4758ec6c48b4a89e1477374d359045e0df4ea4f9980ccaf7f79ab557dee23c0"
"0x5a59befe482e54c6432dbaeda97891041f34d25cbb987664ca358c39991f879e","7969392","0xfb66143b0ee0d16b2c67bfef7ef1d45bcf050783f4fb96f84a56a39af790c10a"
"0xbd3226d8e3a4561957914746362b95fe282a1699eb1e37a97c51478216485fb4","7970707","0x14dcc0172ea614aed5349f07004113b7a301d04cfc0233368c0c577b798ba784"
"0x747b08144c6fc523801abd7eba096f3be8b122aa04a155ec05a18622f9819260","7972204","0xacf8b0a41e6cd348310eb6fd377efb7a98843a650c718cf0a345382cf72ea112"
"0xd87ee97247d15003d869cf3a0064e84138e944a4f2b910791db3cfa65ce2d95b","7972915","0x5bef9a662243fe48b1a848aad123cbc16698a171430dcfa8a5788afeadf49881"
"0xcb1bc9b09cb82f5f77e217e6165ba98fe1f963a8352a5ce3bed8a973a548baee","7974696","0xa107f9087ac1456037bc38edce7270ebf71701ad364491f62fc33368a1c12bcf"
"0x1845b03266f355bfe4ac172b444d8f35dec335717d6dd72277ac2538a0430859","7979634","0xcd93d9ea4de516a525b33bb6fca2b302ed10517843e6651a8444c5a05bfcb98b"
"0x9a9e82ccaa575d3c933f50763537ebfd54d002db426cae5d5a114f623502ef70","7984591","0xd0b4da4df15a8b0e0b1901f05af18272ed5fd379d6b3a09fd45a135746f1c56a"
"0xabf3fe7b5b46080d98f0e86d90dbe6167054579eb704aa7d4dbd58105fa78711","8017706","0xe950e3d4fa61f6d936470aafb55fa67386b8fa85891c4451e5cebdfebdac47cc"
"0x5f645099c61fa430ccda594d079938229ef9e5de9d323bd690cea7bf90eeb8c5","8022867","0xe2e363792ec8b324abc2e356bfbfe3162f7c2e08c8ed3e20d7ff9c9dcdb8146d"
"0xc69d0abaa19b81d57452fc36432911517d37a456a0ec661c3559239bf12420b5","8026432","0x50f4835dea43899c294facbd05c302843eecea2844df80e565259e84f6d83817"
"0xc5cc985ae201e1437656273a66dfeb27d2edf2eeae91b564b8dc965825775702","8026532","0x50f4835dea43899c294facbd05c302843eecea2844df80e565259e84f6d83817"
"0x9304b939cdc2e9b75fcdddbc8b1c182c4d67ece6afa4152582feb0caac0b3426","8026559","0x50f4835dea43899c294facbd05c302843eecea2844df80e565259e84f6d83817"
"0xf4363360d9627ea56988d34bf2333d23af6e9932fc6aa6adcbee846637fde2c0","8113053","0x9eabbde760d9adca2d693596c5b628cd43b8bd6215d4bd8572fe671d83efe9bf"
"0xbc9c35b6f63d848baf5e07155267d0f09646edec72de46de2f6b10bd0303691c","8114264",NULL
"0x20738c1bf362784aedfa4f385af18cccd7056684136365ed18b4c6be9321812b","8120198","0xec783052bd51f1d0a8a0d6bacefd93770392a3a8ec0e58b4e94c3ce55be4b0b9"
"0xc16627fb247f320fb4b3fdb5551b03970b582c3d186bb151490f50a8aec545b9","8120214","0xec783052bd51f1d0a8a0d6bacefd93770392a3a8ec0e58b4e94c3ce55be4b0b9"
"0x22caa14b05e923c4054becd4e2fd4fdf22d0a2de6a43fb9348d9925e904a986b","8122966","0x469d8614f605c8a4fb8a0a5fdca23c612ba199004df8f005ce08b27a87a03f8e"
"0x2cf6eb389e0469d87deb414fdd2065d928eb184bf2d162b92150b7dd13cb3875","8159664","0xec783052bd51f1d0a8a0d6bacefd93770392a3a8ec0e58b4e94c3ce55be4b0b9"
"0x8de76d7e4e144a2384a33f271a36cd663a4d0d4fa2cf1927e4eed5e3b32fb3b3","8176054","0xdf40e5f862554f61bf947930c895a4e27c0a8a0942d983efa0454d7acff04f34"
"0x9523bc2f01afc89ae16aaec28a9ca4b999a2ca324162b48d9420da47c7b8ee9a","8191305","0x72e6019ac0b0f84a3a955d08f239fa1384df0132661faa1be348d1ae2029ebc4"
"0x23d9e0c4ba7e6a77e0f29e9ebc15846ac2f53b725101d5775189f63f4bb4b53d","8191318","0x72e6019ac0b0f84a3a955d08f239fa1384df0132661faa1be348d1ae2029ebc4"
"0xf3feda51a0c2b3bcc96136ababa1ce13e6d01dd10064398351098c93181fe13e","8200813",NULL
"0xfc5dc4ad9df1a09dd27afd530c21008072293b30ae804636c92d79fe60f3f6cd","8200817",NULL
"0xf52e99ec2ae3a77fc34dc71f3872e6cfc33b47906ac28f0f3ccc8e03a25acfec","8200828",NULL
"0x865fcd9789e202b9ab71ea3cfe735bbfabed410f82ab5a4f70db005994858877","8299907","0x8f4b8fabed2bb559cf8b4c790125e25e808d9952bc228164e978d96f53085985"
"0x79356019c8bed130b264b5fe27a76bf68f54ce836502e355bb9516cc6929e401","8332248","0xdf40e5f862554f61bf947930c895a4e27c0a8a0942d983efa0454d7acff04f34"
"0x82a8f032aaee2c2256e1c44e92474e9cdb758857589a9840124045948fb6c5ab","8358643","0xdf40e5f862554f61bf947930c895a4e27c0a8a0942d983efa0454d7acff04f34"
"0x3e890385624e1e867e7ddfc009f6f56a8450d3fa68948921dc17e78f684e18fb","8361433","0x77d96a1d8348df325b55797b50e6eeee89b0b9904e6fe5e78717b2f431a2b5f1"
"0xfd8774bc5549ac160b542633d7ed5a304fcd49a51b1c4400af5369389be36ba2","8361856","0x9259ae4fd9e4e8e52a9f5cf91536b7406a906763681e89db854397058c9b39a4"
"0x5ec102cc758dae4ac27fc6fc80cd53340cd7789cdade2107d5003852e7702f15","8366123","0x81acdcd0c8f57fd185e7f1170deb3160761acc5427bafa91c458208eeb14f047"
"0x0eccc0b7e313fa171ddcb055d99110ffeba9be2c8231cf25b20f8e5f9fe25800","8369259","0x50f4835dea43899c294facbd05c302843eecea2844df80e565259e84f6d83817"
"0x924fe253a76ed3381393e41b3a7dce62b6b62870fc3d93c7846660c86972043b","8376461","0x816d0fd270790630c481c5acba95d3ee571acf241067fc74f3daa2195f27aec9"
"0x822db78ca8654f2d5835271a26e0d898b82f93e382e2fcf732297cbcb5b8208f","8377362",NULL
"0x794f21585467daff38bb3c3c2845109fd071d4d9b34e6ad4295b3178950d08f5","8378884",NULL
"0x21ba2aa16b119a4baa7e3245cbe000ec3854d7139a4ef356404822de67e6d581","8379065",NULL
"0x90f31df735a697f8f8d6a7ab55e4f0f6c05b806bdaf8a94908d3c41bc826f1e8","8379170","0x289bc509ecbc9be9cbb4fca72889cca8a36633ffa3e247676a5b003f97568450"
"0x00177e47b4478429c329da4a3f8617e0e719dcd1007f2a87545cd2c9fc15ee01","8379223","0x289bc509ecbc9be9cbb4fca72889cca8a36633ffa3e247676a5b003f97568450"
"0x70bad400a842686cc43c7f8c67b38d81d6295eb97dede35a335d40c2f435d728","8379263","0xd686ef0fadeeeda4a41e6fba81a6be321908c7da266ea6717b83069664f5902b"
"0x020b47e256a252cdefd1de100ef10032107e9ff611d31ac9cabff63206d741cb","8379366","0xf33b6122cf03da69eb07627f5ebbeb4dd145acbc3cc40a97eb4052ed0125a2b9"
"0x6feeeb17e042bf0bbb09b0fc7f30881196b95727894ec1b3f660c1ea36b4d74e","8379453","0x948aa6f79c0a1d64696c23c0469d65e056c5529276d6a1e1f90da4a52e515a0a"
"0xb4d54beb6c0a563a275bf379ef609f209449893b0d29109935cdf47ace9cb1d1","8385163","0x1234db101a9019660dd3dc6f3256955e822b07d928fdb2c479258ce99b407572"
"0x50ca13726ab63314f754d307987f876e2f92ff78ebf6caa00556c42e6d2f326d","8385203","0x816d0fd270790630c481c5acba95d3ee571acf241067fc74f3daa2195f27aec9"
"0x17a99e212d3c1e9ebd2d0b1e511fd91b5d9859e1d851507d0ec6985018581d8b","8385224","0x18a303bbb55d9f47a8b36eb291be335c3a03f555fa2780950085c3dae35d8d43"
"0x7a1262075649c706218e88fda7b5825b47a9674eddcd65dbac51734ff952f908","8385235","0xb2664c9fb6d458a5d1cf63e32ab06677008eb8bc4ac16dd9a4aa04c67f206953"
"0xab97733b12f9c96a57877923048ab67db49ce9670ff5ac8b6fe2b8def60a9793","8385267","0xd4e2be2cd8e8fcfda529423082481f239f381313809342ec96f1f31cacb8a340"
"0xc6823abce84db4a18d72eece0a13a409d6dc883d830eb870203d9d2ca318e583","8385288","0x80d56a88e53f44455fe6eaba2aae6fe5531e403c0d074f9779e9fed08ed82323"
"0xf2eb65a03e152320cf18fb2dfa2e02982279c3c35953b9e9f32c19a0152a063c","8385400","0x61751b94e724563ff4459328a7640499f3a5db5cdd326bf2dbf4b9954c474c29"
"0xb6242b0c00b70cf4c8c9711afb254f5e243d5d6c61c3b333f91d480b246865df","8385554","0x1f28811338c5a7f8b3c40c3cd6af8bd2eebb272313b16ddae1471e6012e99f0a"
"0x275fbd604153cdf38b94d24059dc5fdf38cc77c1d0790820059dacb2ec076535","8385843",NULL
"0x267912dae22a4cc60793b49181203052e8037c0062c73f13116d5a4af62e5311","8385921",NULL
"0xd5890093be21a694c90dcf1f2a45d2cf06fa6a0e33e23b40652c119f367c79a0","8385925","0x816d0fd270790630c481c5acba95d3ee571acf241067fc74f3daa2195f27aec9"
"0x787ad0ace64a2c801df6ff87083e57535ce8845a5a40349049364af7d772f86a","8386153","0x7e41288f90849ff9cb3c06b7760f66ff4f199aaddc1f677af476388418e6fb72"
"0x1c7bb5a43010da5cb3cdeb5857ce137a5c01c128c17fe185b8cd0fdb3d27f800","8386277","0x7e41288f90849ff9cb3c06b7760f66ff4f199aaddc1f677af476388418e6fb72"
"0x58ea52f01510472ade7ec6e583f946cfc82ae2c2497b49e7b0cc53220858d7bb","8386555",NULL
"0x6c4c2b5a0635c02aaab75736d312a8868cc99819c53b8215448a68729584c6f2","8387037","0xb2664c9fb6d458a5d1cf63e32ab06677008eb8bc4ac16dd9a4aa04c67f206953"
"0x1ed240a018d1ad0c8c04da43ebedd3261c698de1f732fbf111d766a7b6b98ccb","8387139","0x730768a5f78c741265baae1c8902a34c665d8fd444ef2c4e9e26160dba855551"
"0x677d8eef1b6f9096df6f2ecd74b7c973f017d6b5ada6fd8f72bb0a2e3be896dc","8387156","0x730768a5f78c741265baae1c8902a34c665d8fd444ef2c4e9e26160dba855551"
"0xb7ea2494e19b01c665d2a131a82582b87a184dcdda218a70a84dee2c0fc234d1","8387319","0xd4e2be2cd8e8fcfda529423082481f239f381313809342ec96f1f31cacb8a340"
"0xbf1408a58dd3680a08373747bd4189cb4406fbbbd4b3232d43384e3d7c320521","8388311","0x61751b94e724563ff4459328a7640499f3a5db5cdd326bf2dbf4b9954c474c29"
"0x73531a14cab4e3aac0d223ef947a782b37abe26d91d38a967d28f53fc97cefc2","8388911","0x90960861d6eb2bb3bd7ea217e63741110c97a6a31ff21bbc8f20165e2f43b74b"
"0x6b497602617ceff41dbf17f53255230ba9e3643eef0f7be1d65cbd91a46419b5","8388930","0x90960861d6eb2bb3bd7ea217e63741110c97a6a31ff21bbc8f20165e2f43b74b"
"0x5a653d72cc441023097b06766721b114e33854faf4f7fd00288366245e182cb8","8390514",NULL
"0x711165354ba4d8b91bbdadb659abf0b042d0162600ee1afa99426bda3e1093b7","8390529",NULL
"0xeb2faad1c6e0fbb7f134f1132b726b7d09b96a3c1eaf6b4885515575f4610581","8390740","0x1f28811338c5a7f8b3c40c3cd6af8bd2eebb272313b16ddae1471e6012e99f0a"
"0x47f6f5a383128d75008d1b591e9d6eb7f33e2ef7609405986ecbbe4602a62a40","8390977","0x1f28811338c5a7f8b3c40c3cd6af8bd2eebb272313b16ddae1471e6012e99f0a"
"0x8bddce515230dce52a41eb2fc431faacdaf49919bdf824c45b4825284b7eda64","8393253",NULL
"0x81b5034d272229fede902bb73a2068c7fe81846d719aa1e7bd182691af0db3d9","8393256",NULL
"0x7cf3a7f9eed4b804dcd277b9b73827a20900fc84f21948a626154cac0183cda8","8395670","0x0cff6bd5ddebe612e11371aa04a3fb847077cf2e8bd68db803549d44d0d1151b"
"0x35541e869b2bacbad3624438c67409427b591288576410098791feb92c5e376a","8405444","0x80d56a88e53f44455fe6eaba2aae6fe5531e403c0d074f9779e9fed08ed82323"
"0xb985690892e9f85b3156e10e3ab98a92790b3c1405007762e8c97592415b3625","8405468","0x80d56a88e53f44455fe6eaba2aae6fe5531e403c0d074f9779e9fed08ed82323"
"0x24bb9f6254699c8d35905a41dd44a59c3bc20e69dabcc55cbf055d66e3d06110","8486384",NULL
"0xcbd0879d4304da2de0134b47f80a406ec27213255fa88ce4fed3066eb4450523","8486538",NULL
"0x1469fe68e1f4ac94ca13b6fd18dc30ece1ceb81f3535200b71860c35cace17cb","8486565","0xff576f4b2e4513629d993367b8d845d654c530652e075115c9d287f17d8b39b1"
"0x50e7dafcef4b2293b9e843ad9e1d0f605031e436ce040bb8af57cc722789d82c","8486925",NULL
"0x11a7214d0e84b05aa13808781c8defb6e3913a202f50f897118908193fd8ac8f","8488111","0x4546b21588db1d59a6bf973e17635b3b5feed942a5fc26a0ec371027fd27e8a7"
"0xfd9159fa2716043565fcd511f583d2c99943efa44aa8f97b0a46dfe7d32d5475","8500349","0x24e91db20dce321f173389783c8c880f56a965b79825912b8e35ea00f2c670c3"
"0x4e9d9f739f8cd728e966bc4ce6dca3b9f45c2db54c39dd614376a5021fd07197","8500366","0x24e91db20dce321f173389783c8c880f56a965b79825912b8e35ea00f2c670c3"
"0x831db138c43c78b048ebc7b654cb89ad8bf6cb08dc6af6fa3c385d3c2e1d9136","8500406","0x24e91db20dce321f173389783c8c880f56a965b79825912b8e35ea00f2c670c3"
"0x13490b067dcda26a752f8d53db81e6770579c23795b9cf4f3c8bf540242aaf41","8500414","0x24e91db20dce321f173389783c8c880f56a965b79825912b8e35ea00f2c670c3"
"0x5d9d924cd60769286e565a732fa2d8e7e358612c0be4a7bdd2a76637babd51c7","8517520","0x11bcce05e896a207575d637a120cefb5154663da7739630d3c372153d1be389f"
"0xe8deeb689c8383fb603bbe56045919a8e2bb6afd38772e63db3651f79bd11961","8550141","0x8bf1909fe169b0f4132065e5860712649121531e313516e0c88bbdab6f0fa5c5"
"0xd250102705aa5e5846038ee7f0cbf8cedef4850437c09fda863f9699e4f46ee2","8580111",NULL
"0xa3cf256e5ccdc2b60960d476fa642d1c325c414a8d0c2736c4ecb5e5fced8af6","8580212",NULL
"0x5970b7bb54adec975979363dafffd6e7df9f94aa032aa3eeca510991f01cd5d7","8580227",NULL
"0x55a720e6463267f2f873b9f35b5102681fb1728db7d79f78cfa6bd9e0287cfbd","8580237","0x289bc509ecbc9be9cbb4fca72889cca8a36633ffa3e247676a5b003f97568450"
"0x00eaa6692b5dbe64666156edf0fd7de4358288c4a97141a87de8cfee52b88d60","8587787","0x8bf1909fe169b0f4132065e5860712649121531e313516e0c88bbdab6f0fa5c5"
"0x217a2faf78cef7d8e9c57dd0444f9da36e2213e6ee8378ef6811535372f6d4f0","8604847","0x0cff6bd5ddebe612e11371aa04a3fb847077cf2e8bd68db803549d44d0d1151b"
"0xe7351fc0cf7aa9479c72cc8a0b0dc50df680a963e1d7d5c52b142255ba7aa6db","8617604","0xc44deb600a363e2b195b8064a5e1687627f041b7f68401458d350482f5927ac0"
"0x9629f56afb732e2c5f66f24af96f1a8081e52af22be32b4308ee6fbb05803877","8620269","0x289bc509ecbc9be9cbb4fca72889cca8a36633ffa3e247676a5b003f97568450"
"0x8a7a78358be0ab88be8c4f02eaeee0eb839091a6ffe326f8c32df39ef5104fdb","8671120","0x715ce3fb95f494f92738147fa1a1e73d1dd9ab99c4b81e46695748f46c9da7e3"
"0x48f7ff7538098f66f2afe50d4ef0bd95a5e8910eef156063b0052dcbc647c64f","8752046","0xb2664c9fb6d458a5d1cf63e32ab06677008eb8bc4ac16dd9a4aa04c67f206953"
"0xf1fabfb00d3e8c909440c0af2ae221264bac504bf62c3b585dfd155264afede0","8756412",NULL
"0x89128ffdc035b187095220aa5c4eddd35d964b06da2b97a7cf1ec9ccb4a517fd","8756445",NULL
"0xad367bfc692e701ffedddc2c756d42175e976aec2c382d738a69d4fba0829d96","8773640","0xb2664c9fb6d458a5d1cf63e32ab06677008eb8bc4ac16dd9a4aa04c67f206953"
"0x232a95168f49de3a560c429081248d9b2101b91b390eb5722cee313666dd3aeb","8799950","0x24e91db20dce321f173389783c8c880f56a965b79825912b8e35ea00f2c670c3"
"0xc157e993818591e74ee5aa6812abc3818f12f4361f7ded8d7932ea971c3aa8a4","8811573","0x50f4835dea43899c294facbd05c302843eecea2844df80e565259e84f6d83817"
"0x17cbebedef32bc6e2e577a6182f0d5906d8d74fa22eacea29a4ce34285308476","8811601","0x50f4835dea43899c294facbd05c302843eecea2844df80e565259e84f6d83817"
"0x9d3159dece1d6e7564089644711fdefe76e35ab2f3c3d319581dcef3a99a3c20","8811608","0x50f4835dea43899c294facbd05c302843eecea2844df80e565259e84f6d83817"
"0x012d0dbb611488241352bddf17664cf12f2e0c84f467c6704dc5c0110f12f6f6","8811701","0x50f4835dea43899c294facbd05c302843eecea2844df80e565259e84f6d83817"
"0x41597b8e8f0620fc8e9b5e2b00ff3664f138cc1b97a684b3a05b2c31a4ba4f72","8811976","0x138454a5a881d8f0b9300ddbb1436a7ed2ff16c8abc61f86d2b19b350878c287"
"0xc758ade030c509657ba1523c75a43494a6b6ab5b33a216d0643a7b98ae501e4c","8813784","0x81acdcd0c8f57fd185e7f1170deb3160761acc5427bafa91c458208eeb14f047"
"0x7521362926ecc0814956b93ca51f317f8e632386e121a2e0270d6a6e590de226","8815236","0xa9b2606c5734e9d5be733d31befd675f01af31e0145669eceedab8f33cf8744b"
"0x7e10760107670f230b09ec524dfb854999acd93f4f4a8b149731c027a427d604","8816751","0x14fec5a4dfd98cb6cfca9f2930c29e1e04033825ddc017481bfcdc064dbdda6f"
"0x268396a9118101fc4481eb21b65ce5ec85ddcfd70cd6e683333b117c24cf37ce","8821464","0x116e7a292a4eae5ea4f27adfbffccd5ad12ed176520543ff09a3f72d915ecbe1"
"0xf6d3977667212f554e6e74996cd014c1fb4db54fa42ccbf60e8166c70b718685","8821509","0x116e7a292a4eae5ea4f27adfbffccd5ad12ed176520543ff09a3f72d915ecbe1"
"0x1143a073053bb106accf372e512640fb074e73ef91a72fd5e23d1d9275490c3e","8825153","0xb36e1e79d483a139bfe82a6b4eb4fea810cbda77179f4946b08a3573934880ac"
"0x4879514727b219d7e3c24aeb23560be149cac72fe16e6a68107d55d213130e3a","8826978","0xa107f9087ac1456037bc38edce7270ebf71701ad364491f62fc33368a1c12bcf"
"0xe4dc06f9a2d61b9a9085ba5bf5afe1518449b57b659ce96ccfc31c441b2db0c2","8828727","0x75d0368fbf6b6d52f02638ce753f0b9160f229188abad7360039d365944588cd"
"0xeecad90c40d276170e3862d07357051c56c755b8990003ea8fa377bbe36c8bd2","8828757","0x75d0368fbf6b6d52f02638ce753f0b9160f229188abad7360039d365944588cd"
"0x2a2af9b85cbfdc26e837d7ce9c6af360775384e8e77e39541480780256307e21","8834249","0xd686ef0fadeeeda4a41e6fba81a6be321908c7da266ea6717b83069664f5902b"
"0xe7745f24e0e808929c7df68bf229ae68fb63e77c2f69ca13cf3bf16ee99fda74","8854379",NULL
"0x4f9a7b7a143643b366ebc6bfdd25c8222161255eb8a2bbda364d22f017060a85","8854383",NULL
"0xda3e36f1b58f10a518a3558db168b9aff8cef0046928d0ca3feeda96ce18131a","8854387",NULL
"0xeed9a87a0bd8057188fbe76f0754637c02ea708e5d0e5c7c13470223fa62dd76","8854390",NULL
"0xa72d8150587454fd8dcffd0fca32f23dc8f86751fca4173ace92ad55c5952059","8854396","0xb36e1e79d483a139bfe82a6b4eb4fea810cbda77179f4946b08a3573934880ac"
"0x19fbfc200ccb4c744be5d7089e6537acdfb98b7ae2161ed87812ce6659b9d42f","8854402",NULL
"0x2c30bcdfcf6e3e071cb756c1f51e18baee3299d778b2e21cc24e54d0debefc17","8854408",NULL
"0x2ce797dff26333b4f82a859898d57155c22c91a3244cbfdfdac665e098e9b732","8861103","0x81acdcd0c8f57fd185e7f1170deb3160761acc5427bafa91c458208eeb14f047"
"0xfe26713eb2fdcde8e3a75b43f91904d769a2c8c0c35774acb4f2b56713ee877e","8861122","0x81acdcd0c8f57fd185e7f1170deb3160761acc5427bafa91c458208eeb14f047"
"0x6761bdac7fe85b8fbf4f9ffdbcfd3240f0ad5987679336a59a17bfe10cda03f3","8861134","0x81acdcd0c8f57fd185e7f1170deb3160761acc5427bafa91c458208eeb14f047"
"0x40220bfaecb05aa3db55540a4c981090d4769bde4bf2d5688b66064bc0dd7f72","8861165","0x81acdcd0c8f57fd185e7f1170deb3160761acc5427bafa91c458208eeb14f047"
"0x57aa9478851193400d19c3626d2261fea64ab16828bd494699eecde78a71db2c","8861187","0x81acdcd0c8f57fd185e7f1170deb3160761acc5427bafa91c458208eeb14f047"
"0xececc8161eea98d863af9f46dfd25951d82016b5efc687ee81175bebe5c5265d","8882604","0x05e9fdee3cebb624da2ff2b5666f0479af1a8e8b6c92d9126d8cd71f312ae951"
"0x284f564041a9908e8bfdabede821080e980816ee7e23f9fceb9cf926fc5c3793","8883818","0xb36e1e79d483a139bfe82a6b4eb4fea810cbda77179f4946b08a3573934880ac"
"0x6083106fba242ff8ae12b89c9dffdb79700a5bc2dbc585962d5e6db83f0700f8","8883855","0x070e81da4e1eece5c687b0bba83c9081b74506da5973cc37d80fa131878ab3d3"
"0xba840a14d81b9f2a126e65023f2c4ef53a3daae9cfef864cf8d18fa3997caeb6","8883871","0xbdf2516c22324dfee8e16ffa51c9b9d58e91f2e2e745b6f4cc138f75001b1048"
"0x177299d1d592ada883770527035124034cb44d8b873294494ee5a99fc16bf855","8904603","0x75d0368fbf6b6d52f02638ce753f0b9160f229188abad7360039d365944588cd"
"0x4f70f42afa0a5c92bf8ec842b50870245c9d3868b5772cba0d32fd60b687b729","8904621","0x75d0368fbf6b6d52f02638ce753f0b9160f229188abad7360039d365944588cd"
"0x241750b4a5bfe756167f6af2c9679edeb0038e9e545a9393562f76d689c277e5","8904635","0x75d0368fbf6b6d52f02638ce753f0b9160f229188abad7360039d365944588cd"
"0x6f9b104d239aca116e332e1a4aae28918ce5cbd246be9a25c2d723f94230038b","9113096","0xb5112180d29ddd0158ab8bc874c71ab8a2ba9e14b4d2c685b85819d25bc2c7ff"
"0xe45b80ddaa461fc2cedd0574e9365e1ec132bad0c8cedc09fd9e51f4ff1153b6","9169326","0xd4758ec6c48b4a89e1477374d359045e0df4ea4f9980ccaf7f79ab557dee23c0"
"0x68f9cae9c17ffd5e46517d02783ac2e72b329ddd1c3cabada104f11dba650561","9180393","0x0cff6bd5ddebe612e11371aa04a3fb847077cf2e8bd68db803549d44d0d1151b"
"0x46d2a401dcadf5d20c6a1f3c1cc03ec38a7094ded6790e7066e5a290ff0a07ac","9187592",NULL
"0x09bbe74ae78de797d58cb378052d078409369d9896894f7e168d39209fb93ace","9187599",NULL
"0xe0c8c2bdf75297941832e0e2cb9542855ba2483004f1d16e9854f4127930c322","9187601",NULL
"0xae6dfbc8b2260cdafec121f5ee212a1a06f32c4337d37297e4bee3c09aae8bb8","9197662","0x75d0368fbf6b6d52f02638ce753f0b9160f229188abad7360039d365944588cd"
"0x77456cce0fe4b77f1a87dfcf6b14cbf389f3156e559398862ae8ef479d857b80","9197677","0x75d0368fbf6b6d52f02638ce753f0b9160f229188abad7360039d365944588cd"
"0x7ed0de9922cba79a8e72bba6d54dc1a1a2ea3bc124c12621b108523f98efe168","9204078",NULL
"0x7588665e15c16c6235376e387800de390efa64f160232476ebcc057adf1fc6ca","9204080",NULL
"0x688d3dd2af37f8968428d480f3518d2c055132061dd04108f85c8591a605bd3f","9242844","0x116e7a292a4eae5ea4f27adfbffccd5ad12ed176520543ff09a3f72d915ecbe1"
"0xd0d21f288328525f5a0a229dde8b7496468ba99cfd039d306917d7d07c4cd7e8","9247792","0x9259ae4fd9e4e8e52a9f5cf91536b7406a906763681e89db854397058c9b39a4"
"0x854bf9a3063a8307c0af4fce08bbcc7c8074ca48364a49c177c9d556a53dc21f","9267863","0xe8e0c784fe3c08bcb7c1f9417aeed454cbedb3a53ae012a573501e9cc409dbaf"
"0x801c1b2438f7022bbc633d160641eebcb14551208562ba713b16aee15876a2d4","9584208",NULL
"0x8f3c75d3de7b8548a7c57bc95990296bbed80c682874b832d7a6363db98fb58c","9584215",NULL
"0x739bc546dc000745f4930d09374ee1424adf5551c0bfcbe12e25fb3c8f664eef","9584217",NULL
"0xde3447e136c5284fbd6c90b9cbaa5f6a9ef874e2643c5b66eccd7060e99d6b99","9584222",NULL
"0x51d3276a8320c1a8fd8200700a8a09db2a1b00fe1c586fe8997cb00ca7e2d28e","9584226",NULL
"0xdcaa3206fd0c04deff1031894e4e63006fc720755e3c40320fd94c5182e9f5b7","9607947",NULL
"0x2b145944e07f97ad4a5787180a636f97226783560a1311925a931120734f222e","9607959",NULL
"0x7f719197a0179ee2aea9a0a771a7e8cb52cadb6caf97b2fa4f1527cd65942abd","9607992",NULL
"0xa24331c226b45c2047cd120314387056b9b7ba586912e5fa578f33dcb18b3e67","9619444",NULL
"0x12def21ef6b97c13e0712049d3150066f09f64b5186337bcd279dd9dc9dc7ee8","9619788",NULL
"0x86e2dac2984a3c845502f2770e321881f1b97911bf4f0c06981f91851138b319","9620229",NULL
"0x1de7f0858efeb6b49199c118c99b8d2108c41c901fbb8bd24ac79116ba461e40","9667199","0x48cfbf42a1d23a628abbedadea7edc8f2a5729fb9108ef5cd551f4de203a377f"
"0x4cb24cf7fe2bb0d340ec081fb2b4b84a882354f3bdce32677bee6c77a7baa586","9667701","0x9259ae4fd9e4e8e52a9f5cf91536b7406a906763681e89db854397058c9b39a4"
"0x84895990c9e9e8f7435cc00c1d1cdc2df248fb09b12fa55e74d285997910ca2c","9677370","0xacc2384131580a688bcace594e025b90c19d35ed482f11a09de7516cbd574012"
"0x0e460e02ebf2d1378525a32543890d1a9dacae5b128a7b9fbaffc433d134317c","9697642","0x90960861d6eb2bb3bd7ea217e63741110c97a6a31ff21bbc8f20165e2f43b74b"
"0x6abca9efea191178955e654789d4ef94c290f28d37569647b4e3317657770d00","9699703",NULL
"0x6733e3c65b993d581736f065854feb1d87b3672589971370ceccc678f302ac83","9702408",NULL
"0x4298b66710264a9499aae558d149df46d4c4036bbe9fd9166aa64850171671d5","9711011","0x138454a5a881d8f0b9300ddbb1436a7ed2ff16c8abc61f86d2b19b350878c287"
"0xf48f040955e9086bf7bb837355286132e9770dfaa3a4e9eff50c108d760fd8eb","9721227","0xb8dfa0df3657e7b5203df5817e1fabc4d5494c9ea2669bfe1d4e38940f4096e6"
"0xf5c0aa779dbb7e4260a892f59b6e85b31f837c7e78823b04128a2f040494c0f1","9721231","0xb8dfa0df3657e7b5203df5817e1fabc4d5494c9ea2669bfe1d4e38940f4096e6"
"0x0900dc7fb761b4b8e31983487a06e6504ac21bf898694ce51ae04afa8bd75d2c","9777998","0xc4be2fb9acb4710567311ccd06c0e43cf8aaee6bae23d926f28bbee820ddd895"
"0xbb32ad1ceda1dac39efac0f61aea76bc525c4fd40b72fe0b439598f37ec1c490","9777999","0xcb220232a9fec663e60c8e55fffe9fa89597009a29b88d25c578d76e3cd04df8"
"0xed30cfd579bec53d912d1efb028969a84568e6771a04187613607f2e3d1bfce9","9778000","0xcb220232a9fec663e60c8e55fffe9fa89597009a29b88d25c578d76e3cd04df8"
"0x72fd97e56c4cd640a3404b10f9068c2a0deb2f95b81c2b8da5f2cb7c8d3cfb44","9778000","0xf68ec59a11cd202e1dede34bc36333176e2418ce542c23e04170192fd7f7263a"
"0xdec043f5fd2314273fe4bbf1717950ad16c29dd1e436865acee4c3133bf92d86","9778003","0xf68ec59a11cd202e1dede34bc36333176e2418ce542c23e04170192fd7f7263a"
"0xd9e242b2dc77e032f16f73f7384dc4af1864e027d800c9376150bdc4ea47870e","9778004","0xcb220232a9fec663e60c8e55fffe9fa89597009a29b88d25c578d76e3cd04df8"
"0x9f70efe2359754ea6782b493c1473b6e6e25d800b24baf19e89b4335d989af70","9778005","0xf68ec59a11cd202e1dede34bc36333176e2418ce542c23e04170192fd7f7263a"
"0x47c5a2320ea7999e089ded0fc6d49ae1cf95ccc0a04521c92c8d8d05dd6724ae","9778012","0xcb220232a9fec663e60c8e55fffe9fa89597009a29b88d25c578d76e3cd04df8"
"0xfa083e41ee9e9805f59f5213c661eb4b278aad09d2a305994ab2b6298a02eb45","9778012","0xf68ec59a11cd202e1dede34bc36333176e2418ce542c23e04170192fd7f7263a"
"0x8617c8fc3999ec9b1bc9b7b9923713cb5be2ea0501e4c581a4fed9db7caeb623","9778012","0xcb220232a9fec663e60c8e55fffe9fa89597009a29b88d25c578d76e3cd04df8"
"0x180e1f9cda0717d3e944c9600c3233620548eeb929975e68caf0cad9d8c36e2b","9778012","0xcb220232a9fec663e60c8e55fffe9fa89597009a29b88d25c578d76e3cd04df8"
"0xdd8f04a3278c97a78b8a812c99b0f9470006166af13c9872b653ab7bc5448542","9778013","0xf68ec59a11cd202e1dede34bc36333176e2418ce542c23e04170192fd7f7263a"
"0x22ab537016ee28d2abe1fc38587780e481d822924154fc6b623dd41e72b2fa5c","9778016","0xc4be2fb9acb4710567311ccd06c0e43cf8aaee6bae23d926f28bbee820ddd895"
"0x2dcdf9f68298fbe3ef9a43728dcd647a39a6b8c085b41f2303519e998fb2c656","9778016","0xcb220232a9fec663e60c8e55fffe9fa89597009a29b88d25c578d76e3cd04df8"
"0x92ed6f7165a12a41cd435003dbc93046cba656b4499545ad99de1b11b8ebdfe6","9778019","0xf68ec59a11cd202e1dede34bc36333176e2418ce542c23e04170192fd7f7263a"
"0xfc3a67be045b7b3219c3b8d06fe866414f2952a61e1779e467231c2abd778371","9778019","0xcb220232a9fec663e60c8e55fffe9fa89597009a29b88d25c578d76e3cd04df8"
"0x2970d0618584ddc14956921f3ef2941988d36e44dcdc723dc72cade56cb3635d","9778020","0xf68ec59a11cd202e1dede34bc36333176e2418ce542c23e04170192fd7f7263a"
"0x7ce420539dd7d8ca780ab572453a89147f1de177975ba95195e864947db6711b","9778022","0xcb220232a9fec663e60c8e55fffe9fa89597009a29b88d25c578d76e3cd04df8"
"0xb7f8683deb2fea822d4784f3e8063012bae5a3ebeb683bca683ae6cd1374aeae","9778024","0xcb220232a9fec663e60c8e55fffe9fa89597009a29b88d25c578d76e3cd04df8"
"0xe89d26ce8378e02adb9440a3d8fe8691266cf8d10b56f0bdf7eb4c23a7fb6607","9778027","0xc4be2fb9acb4710567311ccd06c0e43cf8aaee6bae23d926f28bbee820ddd895"
"0x571afcd2574c6425b56fea0d1ed706b5cfeac19a0a5099234a3b9fd6137e3b18","9778027","0xf68ec59a11cd202e1dede34bc36333176e2418ce542c23e04170192fd7f7263a"
"0x6f9242bb1f3f836407bf18c5a7e6d1ca59322a05a036a6f615634b19587db765","9778028","0xf68ec59a11cd202e1dede34bc36333176e2418ce542c23e04170192fd7f7263a"
"0xfda5b6607468fc34e8195d5e099002b843a4b4799f0f4f971849a9b1e33b8b61","9778029","0xcb220232a9fec663e60c8e55fffe9fa89597009a29b88d25c578d76e3cd04df8"
"0xb55cfa04606f2d76f641e42cf478027414eb171196cf2efe67db812ecf740f9b","9778034","0xf68ec59a11cd202e1dede34bc36333176e2418ce542c23e04170192fd7f7263a"
"0xd9242c1e93b014e2bc0b780035f733486d808bec563a42322adb75dfc144a023","9778034","0xcb220232a9fec663e60c8e55fffe9fa89597009a29b88d25c578d76e3cd04df8"
"0x0da8259f4e1f00d0341dbbd46838d45569fdd1bf4598355be36c26785372d570","9778034","0xf68ec59a11cd202e1dede34bc36333176e2418ce542c23e04170192fd7f7263a"
"0x644af7041f0aab4c22049458197322d598f7f3e1fd6aaef9e2b3254e56882a80","9778035","0xcb220232a9fec663e60c8e55fffe9fa89597009a29b88d25c578d76e3cd04df8"
"0x03abe1982497f211d7da106247ed19d516ab1de8010d75856e60fd7b2c649b74","9778036","0xf68ec59a11cd202e1dede34bc36333176e2418ce542c23e04170192fd7f7263a"
"0x9bff2c1b474ffe4345f58152f12e9a2d5f8dd4ec1f1c8b32864711a51e0df9b8","9778037","0xcb220232a9fec663e60c8e55fffe9fa89597009a29b88d25c578d76e3cd04df8"
"0x394e63868da690ba2ffa485b9852fcdc387524a449c872728937e2adb12c0d5a","9778038","0xf68ec59a11cd202e1dede34bc36333176e2418ce542c23e04170192fd7f7263a"
"0xb3acf03ec089ee62e7075d5f606b939622ea7e4cf33e3af1c4aca24571004b4d","9778039","0xcb220232a9fec663e60c8e55fffe9fa89597009a29b88d25c578d76e3cd04df8"
"0x64cbc0b11d06eb2c2c7f01587239477b7c8b0e44bd45c21aeb0482f15ca0a875","9778040","0xf68ec59a11cd202e1dede34bc36333176e2418ce542c23e04170192fd7f7263a"
"0x2254b1d9b21f674df1a79f07bf1929475111b11c8a918683a524c738873d1372","9778041","0xcb220232a9fec663e60c8e55fffe9fa89597009a29b88d25c578d76e3cd04df8"
"0xad90c89d5d132c108eb23e98de4ad95f436ba3dc1d7aa4ffa21ea27451b1b192","9778042","0xf68ec59a11cd202e1dede34bc36333176e2418ce542c23e04170192fd7f7263a"
"0x9e8b552256d0336b66e4038ecc9b3662c9f7048cf2998e2826c00cc5d9919ae8","9778043","0xcb220232a9fec663e60c8e55fffe9fa89597009a29b88d25c578d76e3cd04df8"
"0x4c25c3e8ef411014bed06bcf9b7fa4f917188c58dad382c95a2dddc98249aa02","9778044","0xf68ec59a11cd202e1dede34bc36333176e2418ce542c23e04170192fd7f7263a"
"0xab34b2aeb502ed5cb71d958017fef1242e7d9a4e9a976b10a3ccb59937295027","9778047","0xf68ec59a11cd202e1dede34bc36333176e2418ce542c23e04170192fd7f7263a"
"0x9af7dfb43ab8b9d47870a63318a7cc0a86b70530310008d8a56808395bff1999","9778047","0xcb220232a9fec663e60c8e55fffe9fa89597009a29b88d25c578d76e3cd04df8"
"0xaf147a9ee1d5a26b9abe1ab46879322e5af7b9ba247f53c1429abec4f3dacf2c","9778048","0xcb220232a9fec663e60c8e55fffe9fa89597009a29b88d25c578d76e3cd04df8"
"0x9ef9c36e67e23303b858f4da37987fb1efbfa3094f571cf56150d897ebd8385d","9778049","0xcb220232a9fec663e60c8e55fffe9fa89597009a29b88d25c578d76e3cd04df8"
"0xb336f32fe8ddffe119df703e9d34dc67d36185809e40f91ed48e4e9e5edaea4f","9778050","0xf68ec59a11cd202e1dede34bc36333176e2418ce542c23e04170192fd7f7263a"
"0xb57e07c63e7d540870d01fabff7f2f04730dcb202040a314923cd153afcf2e06","9778051","0xcb220232a9fec663e60c8e55fffe9fa89597009a29b88d25c578d76e3cd04df8"
"0x93ae92446baf87b78887ed2b18b6e4fe03c3da4a1eb5e9ae5d3cecf1fef7722b","9778052","0xf68ec59a11cd202e1dede34bc36333176e2418ce542c23e04170192fd7f7263a"
"0x3d329d258cea7eecede59a7eb027cc8e4eb03135763c02022da3a949dfcd86be","9778053","0xf68ec59a11cd202e1dede34bc36333176e2418ce542c23e04170192fd7f7263a"
"0x35669af664fdd466d5e583b9c923f895cf072ca02f74e6a3a53e483da220a75f","9778054","0xcb220232a9fec663e60c8e55fffe9fa89597009a29b88d25c578d76e3cd04df8"
"0xb843543e9bee90e794065fe39baac17670f4bff0758c2b4eb209fe1225f5cb04","9778055","0xcb220232a9fec663e60c8e55fffe9fa89597009a29b88d25c578d76e3cd04df8"
"0x7cf0c82c5bd0e3f1094a296fb1a7184d61feef436cc550ac917d5653966c1232","9778056","0xf68ec59a11cd202e1dede34bc36333176e2418ce542c23e04170192fd7f7263a"
"0x0da89dae9773c487c1c69ce1696ef8c4fc65699bb95cada7a785882006881149","9778057","0xf68ec59a11cd202e1dede34bc36333176e2418ce542c23e04170192fd7f7263a"
"0x89c0ce9afb2ed7e9bf68969341986e29978331dec8b6b9ce813feefca0caf73a","9778058","0xcb220232a9fec663e60c8e55fffe9fa89597009a29b88d25c578d76e3cd04df8"
"0x1cc6de850bb3ea5535047316209dd53787aa39127d105974a11471032ea5212e","9778059","0xf68ec59a11cd202e1dede34bc36333176e2418ce542c23e04170192fd7f7263a"
"0xeeb4fdabe159f72a35fc23dcd89ab1cb10f22f0aaecc0d1f87fa26896625a40e","9778060","0xcb220232a9fec663e60c8e55fffe9fa89597009a29b88d25c578d76e3cd04df8"
"0xe5c0c7b2f69f3743510bd3934e72a49edf4ea6af9fa86b1bfe3ecc447d12d377","9778063","0xcb220232a9fec663e60c8e55fffe9fa89597009a29b88d25c578d76e3cd04df8"
"0x8794363f8369b430dddb35d88e159fdeb627869eb2b0cf2c619d6eb8666d2d91","9778063","0xf68ec59a11cd202e1dede34bc36333176e2418ce542c23e04170192fd7f7263a"
"0x84309938f5a139a9ca4931a10a5634d9ddb93e6da5bb92ee234eee989bf1831c","9778064","0xf68ec59a11cd202e1dede34bc36333176e2418ce542c23e04170192fd7f7263a"
"0x7bd2c227d634b23a4709b354aaae5cbf75f9c1b50ec31285d9b90ef3cfa8f30c","9778065","0xcb220232a9fec663e60c8e55fffe9fa89597009a29b88d25c578d76e3cd04df8"
"0x6553439de82e18a3e26fa24f5e0c2c79429aed9258df2744063e37294450fdd5","9778066","0xf68ec59a11cd202e1dede34bc36333176e2418ce542c23e04170192fd7f7263a"
"0x39e4c01025f88b1908515910d78d735e0f2923fea59e52012fe6696316eedc78","9778067","0xcb220232a9fec663e60c8e55fffe9fa89597009a29b88d25c578d76e3cd04df8"
"0xb2194cf391a6bf8af5919cb2400b5ef6a9e1debcd018ac21697a3b131856c8c9","9778068","0xf68ec59a11cd202e1dede34bc36333176e2418ce542c23e04170192fd7f7263a"
"0xa238eadc75a6e9e2128b7ee793f94b8579dda820cc7be57941e7abc49c13dc05","9778069","0xcb220232a9fec663e60c8e55fffe9fa89597009a29b88d25c578d76e3cd04df8"
"0x0aa86fdae7513c8b31f2070fb1957d756d1c403a386ec0c5e3a41f12c8ff57e2","9778070","0xf68ec59a11cd202e1dede34bc36333176e2418ce542c23e04170192fd7f7263a"
"0x11cfe6dec67acc4a4a6116cebfdf1858196169b107044c87aa949678530d4c49","9778071","0xcb220232a9fec663e60c8e55fffe9fa89597009a29b88d25c578d76e3cd04df8"
"0x8a132f9337e062da9b4f22d708ee4a6938cc047dc22f2294aaa26b885280262c","9778072","0xc4be2fb9acb4710567311ccd06c0e43cf8aaee6bae23d926f28bbee820ddd895"
"0xc02bd81eb624548af19a0d939f32fb1ab3a43c1fa1c98be0cac301f20959cfbe","9778073","0xc4be2fb9acb4710567311ccd06c0e43cf8aaee6bae23d926f28bbee820ddd895"
"0x2ec227d94c45477871c7c6ae108f99f8a513ef2f592527fd4a3de12a540ade53","9778074","0xc4be2fb9acb4710567311ccd06c0e43cf8aaee6bae23d926f28bbee820ddd895"
"0x7c2d9f1528e52bd63b1465047624ffd119384d6e47066c57dabc8ae2d880c613","9778075","0xc4be2fb9acb4710567311ccd06c0e43cf8aaee6bae23d926f28bbee820ddd895"
"0x58364d3863102f4a556a8f47ed0cce0bf07820b280f54597687dc00be60efb0c","9778076","0xbaadf860716f150839992f5e5320448ddcc647ce60a52bd50afc5cd513c1cb2a"
"0x9fd58e3b381fc6640c7136869374aa737f8f36e5fe02fa396e713c877ce8d821","9778077","0xf9cc53b4399ade51f089f34c23c9a783b485a8fc4301e722ebb2b9912346afa0"
"0x5f1be46fa5fe0921e5ee2424f21810aa7284820162612abccda9e1f91a932211","9778078","0x95f903fe613c85f07a986dcf8cd2b2cbeefc2d165707951f7cb9476008eb055a"
"0x66d04d0961c9de2d2373bbf3d6043143a2605eec609004981f6bc5dfaf5203f5","9778305","0xde692c71038f0b56e432d287b4f42ad463e8e910e1e0831c6ae68103be4950d5"
"0xd86bfbe18fd03da6aeba4cb17cec54beca224d365bdc99d2e4df732cb481fcdf","9778306","0xae222a50c77fa8e64b58d54e7a23d9d7fa3ce3d213a0dc010eedb12eb3da5668"
"0x8e871f252cfcbb7b43a894540829134473bc67cc9299915fa2c2ef4f40375af6","9778307","0xae222a50c77fa8e64b58d54e7a23d9d7fa3ce3d213a0dc010eedb12eb3da5668"
"0x89d4ab5ecdc9120ec0f37a5afad555f721ef7d2f8be79c12adcc50e79e67b3a7","9778310","0xae222a50c77fa8e64b58d54e7a23d9d7fa3ce3d213a0dc010eedb12eb3da5668"
"0x7e976f6e63f0087e9f31da64012fa331bc1308d2471de71e73cf0fad0fdf9e79","9778310","0xae222a50c77fa8e64b58d54e7a23d9d7fa3ce3d213a0dc010eedb12eb3da5668"
"0x863a116f6c358dc19252fb58bfbeec576a77979c88568b5bc334531d3c926c25","9778311","0xae222a50c77fa8e64b58d54e7a23d9d7fa3ce3d213a0dc010eedb12eb3da5668"
"0x1c36d3476222a9c9ecc588d45665fb3a30b9829a110b279789bc68e7ebd6a7d4","9778312","0x172212cfbf78c7b6df66e915990bc35218e75cf02ad9bd4e680f22d9c49eac1e"
"0xa0f7b37afab271130d29cf0ee4f773f911bc6bd72ea87db9447e3c165cf8000b","9778313","0xa48f2c6b67acf3978640754219c4adda763c77cd056ae19df2247515756ded4c"
"0xfc3fed6efb03464437d5d6e2c40a849bde7c4038fa3a89c00dd351f44115f2b5","9778314","0xeb94c7ad033ba49a92319ffdbe44c78bc70e7a2f38bcd8d8753af54d557d9581"
"0x60ee1aba4f90f69000d8c15f7a52d4e19d17b394c4040a73963d21e9d3d9fc02","9778315","0xeb94c7ad033ba49a92319ffdbe44c78bc70e7a2f38bcd8d8753af54d557d9581"
"0xabae9e07607c206806ab592cde1a6715eee1fb8c9a94ed969468ef5ded62144e","9778318","0x6563bac566a4ced555809cf6043b2670dbb685bb1f85832351d6b26c33b07fdf"
"0x63557c17a0b4d9dc78a64fdb27c64182166a4441415fc72f318f21bd1ceffa61","9778318","0xeb94c7ad033ba49a92319ffdbe44c78bc70e7a2f38bcd8d8753af54d557d9581"
"0x13d562d449562514ad221ec4c0270cc03909486037ed874c22374109903b9ac6","9778319","0x6563bac566a4ced555809cf6043b2670dbb685bb1f85832351d6b26c33b07fdf"
"0xd396acfe103ad7a0d89c22a7496bf2fc9c35ebf1fea0d0717d3de8d5e96cc6fc","9778320","0x6476a77ba4787f36f12729491b5b96f36307db709b372a29b2306bbc3bc33ab9"
"0x538222a3a586be69c32a66f1b0d75a161761dfb91eab361239f492405969f03a","9778321","0xc4be2fb9acb4710567311ccd06c0e43cf8aaee6bae23d926f28bbee820ddd895"
"0xf6320d51c10c1889bbe4a7408b0c021f4f10873c75758db358fa155d68edc780","9778322","0xf9cc53b4399ade51f089f34c23c9a783b485a8fc4301e722ebb2b9912346afa0"
"0x82e97321c25feb5618f843c98503fd22a602115ce78e8302693873fdb86ec52d","9778323","0x2cef8b020317bf2c3939e6020e6e3fa17964831eee7fcabec80e938d5cd13da5"
"0xd2f86c6ce21707c8ca61013da982ed388653ddc9a307e73ec360ec371d9a8f42","9778324","0xd4b0808cee6b008d8575b94ad66610a6f88974e48372ba6c7432221c159e93eb"
"0x12f9da247c5c88b6df288bf3a2692c2b1b9fd09f674a41d4f92dfbd0f40bd1aa","9778327","0x62f19cc550a4a4a981f4357c873d9e6472bfe03b99683ddfc6efb82033185e08"
"0x37a788dbba040d27415a2ce9f55eda7493c104d325e7ca2ee23f3eb3725639d3","9778327","0xbea3ac0359c1f29477bf022ea2e4aac4a7b1f1bb1396093d52914b0190dd3a6e"
"0xe9552ad325d15ade6b260f1ab82748b7127f630f1fbcf0079959f8e9ef5789e1","9778328","0xd0b4da4df15a8b0e0b1901f05af18272ed5fd379d6b3a09fd45a135746f1c56a"
"0x0b100dbab87dd0613f44e5d6c551a50d810f300b223502871a8161ba894716f2","9778329","0x62f19cc550a4a4a981f4357c873d9e6472bfe03b99683ddfc6efb82033185e08"
"0xdb7dfe5f918560a539245d86aa29689389991146493ba65540e617e128f5aefd","9778330","0xbc70fcd986d4682595eb6bb9edb78823c70288ea77d51687b41d6000e8eb800f"
"0x0af79d94f900646fee4ff1f3e21cd0a734ead2cd9fcd055c1f043212108d29bc","9778331","0xbc70fcd986d4682595eb6bb9edb78823c70288ea77d51687b41d6000e8eb800f"
"0x6cc3b2112374ddecdcc4cec5b8508f3b8d297f9795be8c4248364f2801ff9fe3","9778332","0x2b1a507653a5f497b8f0555977c690473eae9d0caa621caa972d6064febd12ae"
"0x2399427ad1afff3f709bd713aa061ec261712fa4c16d3dd77330a8f67b8f6f60","9778333","0xfc26696dffdcad662f12ee4f17c671b9a57345ba1ce3af2ff97265fbb01e0015"
"0xaba389d30a072a3d29624a85d15aeef4fb4503e4000c20166ff45cde6cdfffdb","9778334","0xe5c7eb0e7f0cf368a2ab8bb31284d2c7c63142c2e547e9ff450e9875698611cc"
"0xe787bc6ddc9d6e7104c6c81ed07aa3d0087ad42095a9bcee10e465842ad027c4","9778335","0xd54c136225073b1c2cfd7dce881b073a91ef3ca141f3a6e4088d91167aac889d"
"0x86002c72862f7fd0ddee31ca4e5177965c816f277bf3b2191f91dfb9aeddf6de","9778336","0xbaadf860716f150839992f5e5320448ddcc647ce60a52bd50afc5cd513c1cb2a"
"0x67c8c3e5673e95f5d69b38c0c55a791ec46ebc00256aff259e5964941771d5f4","9778337","0xd0b4da4df15a8b0e0b1901f05af18272ed5fd379d6b3a09fd45a135746f1c56a"
"0x758f9e25cefbb753d1e89ee03359890d062025b3d0ebe8f2e346ac63d579c441","9778338","0xbc70fcd986d4682595eb6bb9edb78823c70288ea77d51687b41d6000e8eb800f"
"0xe3cca14da680f7af19a078088c2077d418454be4831232c058f14f5f9b4238ca","9778339","0x88297bda0b88edd10d34d1160d22c44ff9154c5da81eb7de67425ddb1a30a402"
"0x81dfa014ea92e87ca65cb86c01282c06ead338dab3f945609636ff7d0ebae32b","9778340","0x79d9ef13fd23af6c0793c8077cbfbce20255e2849d4c07308a97abd36199face"
"0x4da4dece90016229933611e08408c5979d79a34d8ce8a986f47467beac25e4cf","9778341","0x79d9ef13fd23af6c0793c8077cbfbce20255e2849d4c07308a97abd36199face"
"0x22ad0ac1de32af6f4a9a59d3f543322bec0fb460f2759a6c020ca01f0892d301","9778342","0x7e41288f90849ff9cb3c06b7760f66ff4f199aaddc1f677af476388418e6fb72"
"0xadfc1e5e735cfdc96f216a05d7ff9f1175aa497e2f260003672c7f7b1981e2fc","9778343","0x7e41288f90849ff9cb3c06b7760f66ff4f199aaddc1f677af476388418e6fb72"
"0xffb7404b2afab9a53099bccfda4612de95896e764406fbf12b46be2617bcdde1","9778344","0x7e41288f90849ff9cb3c06b7760f66ff4f199aaddc1f677af476388418e6fb72"
"0x72705226de1df959c15870b524112627ad589a500ce856b22388edd61508ecbb","9778345","0x7e41288f90849ff9cb3c06b7760f66ff4f199aaddc1f677af476388418e6fb72"
"0xd03a8f62bae47fe427190b3222b0b40e187bcbaca4a5656c380acc7223132d11","9778346","0xdce7970ac8f12f4513c9768c098025cb5da59a5c62cf9f57bdef6b50b2d085d1"
"0xa5b32968c68e972c96906922a6cda3c3d686c023df906edcb1beca284ae8290b","9778349","0x02f5c32f0c290724380053648ff1de7aca6a910ce0aed5486c9c129f03f78731"
"0xc531e78c7a4912b52f387fdec8370649a89f54ff3d5a097601d1e31434a2472a","9778349","0xa0238acfa540a5a4b8f940d363bdc36cf9330486477fc542a305d911f02eab38"
"0x6f498d4b636698bf11773cc62494df5af008ff5e04a13ff4e61b8210c60cb8c6","9778350","0xc4be2fb9acb4710567311ccd06c0e43cf8aaee6bae23d926f28bbee820ddd895"
"0x8a33d37425f069b2cf98875e3a1a2fd412cf8fc1b9e923f7d767b6ebcabfd0a0","9778351","0x98be841e7aa7ba4a3297c0a7db19cf4d30b76711e8e2ce62960611677dcc82c3"
"0x241cfcc03a8f32e8302d921b9d1e4e13aba7f35daf7a0dc6dc8a85ced7fbc9ff","9778353","0x1268d0a77b52fe2d70af88a3de697c398070c18ad7054a97a956876fe825ebc3"
"0x58d6fcc5d4ed3f9f641a27c49a6049e8eb335c149db1b821f4f71e1de8105143","9778355","0x19ac76f1830a72f1338ac8be136482a2b3e02cb8ff75b07d9ec20952d6c0d9ff"
"0xe14d15820b330b799304149fa09cbf19896e3fce0517587169dcf1bbab2a5efa","9778356","0xce77552f785e15dce0958dbc50addc8b9aae16d03f207c062c291b10e5dd7c6e"
"0xa4866e7b681a674fb54f414c68d323b53c623ddadec60dd69ff463516d9a3001","9778359","0xd0d7e71440ac965a2e0faf06095e439eb2863bf4e4b78079b44bbddc624b5eb2"
"0xfc6469286eb7516bbc49f945bb6c20501b97b47f4c018a5e1251624f621992ca","9778359","0xd0d7e71440ac965a2e0faf06095e439eb2863bf4e4b78079b44bbddc624b5eb2"
"0x8c08399aeb95cf4b932c2662e5dcb3756b902626e6af93993b4305a3f82b49cc","9778360","0xd5fcaea4265baea0802781cd568dba7a2cdfa4400202acf91c9e7080a5c9229e"
"0x19fd1365a1e54cfdd6c6f1363fbeb46506dd864714ec6e6a87f92b83cc5e4cfa","9778361","0x172212cfbf78c7b6df66e915990bc35218e75cf02ad9bd4e680f22d9c49eac1e"
"0xddc160a6bf1fa4d637bdc0f133dd4d08987a98572102875c49dd61c73cbedc5e","9778364","0xc4be2fb9acb4710567311ccd06c0e43cf8aaee6bae23d926f28bbee820ddd895"
"0x4e930278eaa3d903c898bfbf9586a424ad0287397463f0e036177fc0ee892139","9778364","0xd686ef0fadeeeda4a41e6fba81a6be321908c7da266ea6717b83069664f5902b"
"0x6218bbd31d19d4958570d65cda7e4d7046adc0c81d3eb215cb5dcde42a0ab0f0","9778365","0xf4bfcbd64dfda81d2bc42a88e47a6168483c85f9f942bde61e4a7561afb775ec"
"0x8f2ee38f6b03cc5ec7d89c149c937ad884a1d755f9839f7c067445a4f2814238","9778368","0xd0d7e71440ac965a2e0faf06095e439eb2863bf4e4b78079b44bbddc624b5eb2"
"0xb465ed6d6464a5932dd7ce0535dea9b0784f2fc37e405eaf8339351be570de2b","9778368","0x7796aa7d630dd22f95fc1ffe1e505774dcc97817201d52ed6dbc4b3bc705d7f4"
"0x347ed356917d4111a1a2d56ce909765aa3de4650f07a0969c433cccf53bb2efe","9778371","0x9fadbd427e46d57d4fca601e2f9f5c95437be2789d28031d716800d1c3689cb9"
"0xd7f31f0c8cf11bc5ff78bb80a1f7e3aa3a0594ae69474d19719b270ab37df8be","9778371","0x1e49f318f6a0e8fed4de490cae101571479465f50fa6f480386adc5210575b3a"
"0x40296cd20cbbd1dc9dd502573147de5e6e30a740d4febd63172ee97333e8c89e","9778372","0x9fadbd427e46d57d4fca601e2f9f5c95437be2789d28031d716800d1c3689cb9"
"0x9ee0376bdd8a99684945a0e5751d2945f63e7500a8591046f2f1b5a683b0f8a3","9778373","0x9fadbd427e46d57d4fca601e2f9f5c95437be2789d28031d716800d1c3689cb9"
"0x836e9353815b7e63047132cfeb48841a63ad58efef78f9c7f1729c67a25af76f","9778374","0x9fadbd427e46d57d4fca601e2f9f5c95437be2789d28031d716800d1c3689cb9"
"0x646cac818c74bff26be4fa45e5da740b7be92fe8cd4de300b70da24da034c0b9","9778375","0x9fadbd427e46d57d4fca601e2f9f5c95437be2789d28031d716800d1c3689cb9"
"0x85dc260c894887f2d8619d0f95f50fe3ddbe88bf2d4cfe3c09ccfe8c33b2acb4","9778376","0x9fadbd427e46d57d4fca601e2f9f5c95437be2789d28031d716800d1c3689cb9"
"0xae746a4d6668854cffddc64a962db30537fc3c0faeebb8376deb95e58ca56107","9778377","0xe9909a12ec5736ebc93b7fdd6d1cb797750f2f1792ee690a813eea68bad7f082"
"0x115bd65ff82d4c9764fdafa7f27537135df5860d23005192c6b68a5b89331574","9778378","0xc4be2fb9acb4710567311ccd06c0e43cf8aaee6bae23d926f28bbee820ddd895"
"0x8d6a5780686dcbd3391a4e0036137f7f26ac3cc37ff3d67796e1d4e0f89e104c","9778379","0x4150791c0008ffd9f5ff6ec8efcf8ceba10c3f2e2ebb563a14c7dcd1dd640521"
"0xd8980c9fe23f8b02772615b175a81b0ca29cb7af5da534cc9f464d3be4745efb","9778382","0xc4be2fb9acb4710567311ccd06c0e43cf8aaee6bae23d926f28bbee820ddd895"
"0xf3ea248ff0d81ae756a19ec61931aeef0650e6463bc0af0399d92fb2b2881547","9778382","0xda63edb1936292371c5e46beb7d539e49358f5910253a75b5ea5d3279677902d"
"0x2bbd4d3369e2083ec5c455433d638eb3d9faca272f2abc67a16aa2786c4676dc","9778383","0x652ba9d00d2822de3fa1a60c5e47de5b5a52af6ca3ba3f7f0170a64efc58fb27"
"0xf4aaba778cbb94773d846dcc64a181badab6d478b9cfc0331433ad12d59f6b6b","9778384","0xda63edb1936292371c5e46beb7d539e49358f5910253a75b5ea5d3279677902d"
"0x1cec6dfdb9f061688cd2111bc31a9b4d9aeb72abbfa165be77738b6d872149b2","9778385","0xc4be2fb9acb4710567311ccd06c0e43cf8aaee6bae23d926f28bbee820ddd895"
"0x766ea380e8f96530a17939d5a1d521971fd981697eb32f004365881e5ef892bb","9778386","0xf78e63ae8ef16c3a1bf9c42c2a6ea81208d834c3121c115667a56fe91e0fa53a"
"0x520698bf9948987b341c4fb0800c1e8b435e720ae6cc56f8e768bf7b70cedf96","9778387","0xda63edb1936292371c5e46beb7d539e49358f5910253a75b5ea5d3279677902d"
"0x9413a6159c76c63e9c151f97b525aa55617a351127f01e2dbd8c050b7378af75","9778388","0xc47b43142c2995fbe86acdb78c1479f6957df9678ba0d6acb24df5d0b690a4e9"
"0x51287228ff833c96a7a29f36700e1a868f926b5f22403c715c95f930cee0b5fc","9778389","0x0ae85c08edbb3921989787b391c539ec3ad2fdc22ea2cba10abcd939b463ff50"
"0xc9e7c6da9896cccf30af3e9b70a01111775427e87ba7d54bdbdfdc29ba715954","9778390","0xa5c6377709bd92ea006f0cfc68e716a5bca5c1c0a5b439109b83e0dfa009fc62"
"0xdba1c21ada526ad074efe79316a4809ec7637523e8c3d6b9dd1123abc8ccc254","9778391","0xa0563417062f453626aa6218c18370b666f0ee67ac1bce48e1aab4fe667b82ac"
"0xfab8dbb38a0db6bfd30065568392e059c7c83bd4f39d12f9a51bfd5b52a3d107","9778392","0x4cac70f348a19ab508c9c6c95ca885a8ac43698db1ecf6e7990e0753cf7c498d"
"0x5f0e040baa1355334ebd790a72c64e3e3a9155de2c77bb4a16ad07784051e8ac","9778393","0xe844c3cb90a5af0b689b61b4c74f1d08712cd1885e7537093aa619c2051a6d0c"
"0xb3cbed9d529e6707866a218817d280e06ca90f9946ee75dae3ba8134ec9bb669","9778396","0xc4be2fb9acb4710567311ccd06c0e43cf8aaee6bae23d926f28bbee820ddd895"
"0xc632f604a2e3b7cc844629ecb46be6dec54b3b45e877fa9067c8f101b1ffb9f2","9778396","0xc91ee197816f55fd9c311aee2c760dc95cf6222785d0ead051156cdf880b8956"
"0xbb71602e4b8d73b1e61202dfdc933968902222a606376cb8189570451bf76603","9778397","0x7035601b19e5797ca0a893b3e12aa2495aaf8c4e727b83f0aa5d2ffeea749f31"
"0x0e6d1f4c79e84018792447c80de15f557188038bee571ca66d6fdc73b0aa56db","9778398","0xc4be2fb9acb4710567311ccd06c0e43cf8aaee6bae23d926f28bbee820ddd895"
"0x0b3a22f38f32cbb7bb21a6e5108eb0e09b98f467f2aa704462b85ced23f7e9d6","9778399","0x7eebf747567e98c4bdeb2bb4a1bfbfc570c26b1b85fe4f9525ff25c7a0af9899"
"0x446e8c0a8055cd1f85bea11c2fc3200651e29d50559228214a51cee93a76c0eb","9778400","0xcdc258c2a7a5fc3b323feb14fe7bbeee0a44197071cff3055e96c40311e449ea"
"0x8c5195c25afb7c5b294f1a7dbb4231e311cf1208ee8c9dd81d39ef679fffd5ce","9778401","0x5abe0f6fb8a86a01de2c3d254e92e040027a245d636c0c3b8417932b65259c14"
"0x1a8eb484fbda9a6e9ae854a4b65409e2cd35cee7bbfca87ffbc98f60736147f3","9778402","0xc4be2fb9acb4710567311ccd06c0e43cf8aaee6bae23d926f28bbee820ddd895"
"0x0d52e6e8b8e776c065acf854977139ac57d4570b31853d4b35327708609eb343","9778405","0x6cfffa4bd5d103ef306511f645399c5a6e605c482993665fe148d72bd38f555d"
"0x032a0f6988b67182f8e277b26cdeddcca46af260fcc24e09f3ecbb2ad6864ce2","9778405","0x7035601b19e5797ca0a893b3e12aa2495aaf8c4e727b83f0aa5d2ffeea749f31"
"0xc7354e5c07f5b23eacc3aff0c489d5fc41c62a3c465ccba79b50aed024f5f4ae","9778407","0x7035601b19e5797ca0a893b3e12aa2495aaf8c4e727b83f0aa5d2ffeea749f31"
"0xf35b3a8c088ead0a2e0a9baa34e12877fa1ebee6bdf8dc5dd57760c188a16025","9778408","0xc4be2fb9acb4710567311ccd06c0e43cf8aaee6bae23d926f28bbee820ddd895"
"0x1bc3384b3a9f2c265848e5dfa1a2a01ddf929d1f54f056e8b29c877d8c45552b","9778409","0x6703b1ab41296aac2cf886e70d8f569082a5d08c5e0370ef26094a7f50b24c29"
"0x902d4d162c2959ad797442d2220efd7880e7ef15ff9076685dbdac28698e3ea4","9778410","0x24e91db20dce321f173389783c8c880f56a965b79825912b8e35ea00f2c670c3"
"0xb10ea4e9a9a20fe444225c63e3f9922dfcb2614d058c10f996eaecc35455db79","9778413","0x79668c4caef3667ef179a2ff2e66987304665aba47c406c7432a3fefa94ed1c5"
"0xc284d6e6ca2f9bd69abf711a23cd8f8b617b3aa49623d3345ad93dd26448a9ba","9778413","0x67624069f7fb9108a28dd4264074d43805f7e9ac0d521209cec054a448280172"
"0x8e2d4037194edece4015f3816bd86a51aafaee3926f1b1e2def8b64b0342fb12","9778414","0xf135a629e7b2e8a22f56ec9d62b06e9dd95f33fde6dedcb36b2578b3c492cdd8"
"0x1e446c9eec26372f3267904fc23e35ce96d0a5332040eb4d032a78117711ad80","9778415","0x7035601b19e5797ca0a893b3e12aa2495aaf8c4e727b83f0aa5d2ffeea749f31"
"0x0ab9e5eee9dc40e835e538d655f282a355f929e44eca22196acda4f2b963f201","9778416","0xc4be2fb9acb4710567311ccd06c0e43cf8aaee6bae23d926f28bbee820ddd895"
"0x73edc8874a3c2de974f417853e8d3a4ffbf304146a8c5031e658f220551717ff","9778417","0x7035601b19e5797ca0a893b3e12aa2495aaf8c4e727b83f0aa5d2ffeea749f31"
"0x2597429e7f5a0dfb47a341af0d139b9924f1c0714e72f7f41398ea39f5f2f67e","9778418","0x7035601b19e5797ca0a893b3e12aa2495aaf8c4e727b83f0aa5d2ffeea749f31"
"0x970ea63ca5bcf4253277de885bb80a44c8e58211ee41a1d5d3d2400766fe7fc0","9778419","0xc4be2fb9acb4710567311ccd06c0e43cf8aaee6bae23d926f28bbee820ddd895"
"0x0b2cecb3db0c49d433402db31ff82dc6736449544eec70454df60d820e10a70f","9778420","0xc4be2fb9acb4710567311ccd06c0e43cf8aaee6bae23d926f28bbee820ddd895"
"0xfcdc15f9120147d9aefa2399bebb8e8c4b4cee7810dcf883c9826d2c40477c62","9778421","0xc4be2fb9acb4710567311ccd06c0e43cf8aaee6bae23d926f28bbee820ddd895"
"0x3c3345c5065c6988c66112798ea4254dfedf5140393645d6f0e32d816f09ba34","9778422","0xe19f6f43149c2ce9abf678cacb70324d4bee84088b951a4d75e1bf84e3cf0ac7"
"0xf861abf64e39fc8f1560ddeaac56547dc5f62ca82d8eeff7816edec525023f6d","9778423","0xc4be2fb9acb4710567311ccd06c0e43cf8aaee6bae23d926f28bbee820ddd895"
"0x451d23e575664ddcba04d13f37a4044f0dc3fe054624fb0ae07c435a9bdd45fe","9778424","0x9e4b4e179b9a763c9158507f9377a2bc7ae787a701713db38762c0a3de364f79"
"0x394722501a9e8088a05d76372b0f62ec0b3577b27a178d39f2540c14f632bd2a","9778425","0x9f64181a4d041b935404c5ca767e60d4dd485e2af2236f1917c1626767fe345d"
"0x96eee361a0c28cd569a1eb2f1ba6a9ccd7817614aa7f0bf79b3bcca74e9da0fb","9778426","0x28385ed9ab8ebb0ca93e0ab40b34b0a36d7ada492f1f453fc1158f4a26ab03bd"
"0xa41a8cda6eb499374b613639b928c3933509d3c94a48a1afde2072cd4c83eea7","9778427","0x0cff6bd5ddebe612e11371aa04a3fb847077cf2e8bd68db803549d44d0d1151b"
"0xe1126d3751aee03402533fb3f1e3d57bad64ee0749066772f2f39815be8c62e3","9778428","0xc4be2fb9acb4710567311ccd06c0e43cf8aaee6bae23d926f28bbee820ddd895"
"0xd4b2ad4873ea4aa516f5fae153034ade382f510e68b24e37a82c6a469e42c1df","9778431","0x1faac75364c4fce95d4d46376b0d354f1eadc29270396a6f2afde5fc50d5d704"
"0xc54233407c0c1289d08f25110040f6a8fcd84bddd1d689239a608765eb7d73a3","9778431","0x720268191380b93bff7f1502e6168fcf32baba1279190e2c013bfeab1bdf4b95"
"0x47386d89e390720ea693a5c151812ec050263f9f5f070bc928b4adf6e6a2d190","9778432","0x89b7dd0fce7f4eaf4756783b8c59386a07fbbc43400e5726bc93a93621c9c47f"
"0x87ccc301b5a93c538b5256defe80646b8717ca3413e50cfff9fb6a88eea4c629","9778433","0x94fdf7dd20320caf65958d04752cc8404b279c1188349657b0b5d444aff2bb4c"
"0x6b7c62a8740646ac106722b06f81fab638fb7a64d383ebfdfffbe1e1d3cecc9d","9778434","0xc4be2fb9acb4710567311ccd06c0e43cf8aaee6bae23d926f28bbee820ddd895"
"0x944476ff5b81a7d34c4eb7a20f6bc4bd99a898aa4a34cd068ffd145002d9c61d","9778435","0x652ba9d00d2822de3fa1a60c5e47de5b5a52af6ca3ba3f7f0170a64efc58fb27"
"0x6bf454640ded815db7a85f919ecdf5e3751b28541b747397412fd2fe8cfffc62","9778436","0xc4be2fb9acb4710567311ccd06c0e43cf8aaee6bae23d926f28bbee820ddd895"
"0x4f1473cb3e24e2e97043ed932bd0ddac122e96a9a1a6bf45e279f518feb92479","9778437","0xc4be2fb9acb4710567311ccd06c0e43cf8aaee6bae23d926f28bbee820ddd895"
"0x7f20ce36be0d3e7b959ac4842618aa62bf89243ac1617b0cc268cd25a84b24fb","9778438","0x7035601b19e5797ca0a893b3e12aa2495aaf8c4e727b83f0aa5d2ffeea749f31"
"0x7b2143e317d2fe0df0f2857d70b50a4aaf69f3e1ee64f40e0007045dab24646d","9778439","0x8302f584f05fdff5dd6dfcdd3071b65c3a8d9cd6f5a30d23f084f9e2efb122ab"
"0x8ea0f59de87ec90c3ff574d9355d48a974257f397785b6d5b887ea960f17631b","9778440","0xc4be2fb9acb4710567311ccd06c0e43cf8aaee6bae23d926f28bbee820ddd895"
"0x6cab9e93da03534638b68500464c19f2b34e38690993fdb59f57e6f8a12a7178","9778441","0x2b6b19674f293a90d8384d3f0a21a765c97786822016959c7cbbad6d079572c7"
"0x58f290444a328f878d6f977f9512de87932db1f2fd4dcfe141ffae4388daacbf","9778446","0xc4be2fb9acb4710567311ccd06c0e43cf8aaee6bae23d926f28bbee820ddd895"
"0xb3a036208f4a71cc32cb9bea3034a011131a810cc53377ad1d69c5db8c2ce403","9778446","0x652ba9d00d2822de3fa1a60c5e47de5b5a52af6ca3ba3f7f0170a64efc58fb27"
"0x0bf9b6303427760bed79e5ebdb3896364602996e9f4d3373065cbd9b1bc8d5ac","9778446","0x3d01f21c9d4df9f4e49fc6d127908e21ab9003a114fc2b0e1570bd30174a6b4f"
"0xd38d73cc67dd38077e798081559a1437618aaaffc05ae20a7135a9566876b51a","9778447","0x24e91db20dce321f173389783c8c880f56a965b79825912b8e35ea00f2c670c3"
"0x5b2d90ba4075995184c81535301113795556270df52c50c81ad9c1c8e89d3a93","9778448","0xe19f6f43149c2ce9abf678cacb70324d4bee84088b951a4d75e1bf84e3cf0ac7"
"0xeab7e5f7e3407187416d5da7b70aa3f6ee7747f8026eee4565801d477a5727ce","9778449","0x4150791c0008ffd9f5ff6ec8efcf8ceba10c3f2e2ebb563a14c7dcd1dd640521"
"0x411a3a9d2407518507a90b9aacf38becaad9e9d48b75328dccb7d7e2d1535a14","9778450","0x6cfffa4bd5d103ef306511f645399c5a6e605c482993665fe148d72bd38f555d"
"0x9d20d380e3724224b243e64f4d1132bd984bd73bee0d110b28bc35899c58560d","9778451","0x7035601b19e5797ca0a893b3e12aa2495aaf8c4e727b83f0aa5d2ffeea749f31"
"0x34ace08b9f07d913bb6fc2f45fc2062902f69ba4ed453558bb90fa3c3644dd44","9778452","0x3dc6ed57708aa4add72523f88928904764e8d4dee6d5559b628046aed5dc9268"
"0x030b3e4c1677ac05d2c84f1d66fda4820fb9fd878b352c1f32e3bffb0e9ab426","9778453","0xc4be2fb9acb4710567311ccd06c0e43cf8aaee6bae23d926f28bbee820ddd895"
"0xcc6944302d829fd6fa3b113a1e397f14235e86a523c0ef2615a3d62c1d6b4387","9778454","0x2e6e883ce8f21ab4c990005a1e919bd951bbcc1bee845e5df5b7097fe88ce2d4"
"0x937da5b5d61e4dba62faacedeca3484b7ffba142ba7c68a6ac4cfe98d15fd551","9778457","0xc4be2fb9acb4710567311ccd06c0e43cf8aaee6bae23d926f28bbee820ddd895"
"0x3ede8a383a0582d96b7f6a72bdc2d4705c23dbc70144dd322543a8d83d5a0c35","9778457","0xa5c6377709bd92ea006f0cfc68e716a5bca5c1c0a5b439109b83e0dfa009fc62"
"0x52b185292948996d00618e7c5fe2819ba2b13f746fa6f065fd2261cb603fc77d","9778458","0x652ba9d00d2822de3fa1a60c5e47de5b5a52af6ca3ba3f7f0170a64efc58fb27"
"0xb8185358cefc679bb9f5da8047dabcfad24bec6b3bf890456f3fa751091b2592","9778459","0xae222a50c77fa8e64b58d54e7a23d9d7fa3ce3d213a0dc010eedb12eb3da5668"
"0xdda0660c231509eabbbe752e619d3e347e86ce6b3f9c60c49090db4480d010b1","9778460","0xeb94c7ad033ba49a92319ffdbe44c78bc70e7a2f38bcd8d8753af54d557d9581"
"0xfa20d768835621722db8b728e0c97b933f65eac5ba3f69d5179a91c8b17c8feb","9778461","0x02f5c32f0c290724380053648ff1de7aca6a910ce0aed5486c9c129f03f78731"
"0xb15aa34ff5f159a3bf7deaadbbc5957b2bd73e118d27bbe7bda6f1eb9ababa3e","9778462","0x9a8da6cb489f32805820b9be8f16a8c1c652c792456f7c7e53d27cbed34a21c0"
"0x178c4e3b227b3ded17e9c31a9c3b44cd5df51384f7a1c0f854f991d216f3ca49","9778463","0x8f33591db154205b514e9f4ca3fc4e7d58d018614ead3c07dce399a51d96d0eb"
"0x7029141445c79d92969fe32ee852e1854d77470d2b56a32287d0323da2aff744","9778464","0x652ba9d00d2822de3fa1a60c5e47de5b5a52af6ca3ba3f7f0170a64efc58fb27"
"0xfd03b97ee29765a7fe01d821ba5d90793daa7356e827b73e8e5f20044fbf1378","9778465","0x05e9fdee3cebb624da2ff2b5666f0479af1a8e8b6c92d9126d8cd71f312ae951"
"0x9a9815208c040605b1ffc26d107cd8474058c92019c3c815b6e06bb4dbecb95f","9778468","0xd0b4da4df15a8b0e0b1901f05af18272ed5fd379d6b3a09fd45a135746f1c56a"
"0xe848363c12861a029262924919e980226b1d81805fc7831187112e84be40c007","9778468","0xbaadf860716f150839992f5e5320448ddcc647ce60a52bd50afc5cd513c1cb2a"
"0xf72d715ac5a158b54ff817839bc4dad3344f59d96fe62d5cdc53ed14c453720d","9778469","0x41779e551101f316a51f15b9ea8e5ca35c7667db2ae320e809e84852e439c623"
"0x632ebcfd60692b94cf37bf2ca2f37c0ae21e93899399a06ced75e5ca175d2f01","9778470","0x14ac4392147895c6b79122b0c54369bda33a48e7792f7999e77be4477a48d09c"
"0xeffb2d207fbc93f0255a8caf795fb0729a902e6f3c9fe1f9bc0f1e60442ca9db","9778473","0x41779e551101f316a51f15b9ea8e5ca35c7667db2ae320e809e84852e439c623"
"0x66655fee79642348a1e635c7bec2b4ed1ba10d514faf0054b369d77623f08afc","9778473","0xc4be2fb9acb4710567311ccd06c0e43cf8aaee6bae23d926f28bbee820ddd895"
"0xb3897b8b9722f1733f48274c353912c8722d2bbcb9731be55889acf055ee07a8","9778474","0x9eafcac75510c0905eba541bb2c77111d1ce992d571ab0506eb0ee5df2f5431e"
"0xa91facecfda0d8c1050cde56ed5948fad8d85521f508e1c8e2ed190a985dfa79","9778475","0xda63edb1936292371c5e46beb7d539e49358f5910253a75b5ea5d3279677902d"
"0x238f5d4d4d83240992a1e743f34d19127f508fa5aada6047226265f42587cb90","9778476","0x2b6b19674f293a90d8384d3f0a21a765c97786822016959c7cbbad6d079572c7"
"0x04922127b06ca725ee5cd82ff56254ab21213e79dd5f21f5c097c74f6852768a","9778477","0xc4be2fb9acb4710567311ccd06c0e43cf8aaee6bae23d926f28bbee820ddd895"
"0xbdd2803d1b92b32f2a97d043636d999ad98a4631056e6865ab1f14ed7b9fc7ed","9778478","0x41779e551101f316a51f15b9ea8e5ca35c7667db2ae320e809e84852e439c623"
"0xda48bd1eb27c8c3fcb91567400e42de32183d609b389668d6eb565eb7e662480","9778481","0x24522400f982678b5a57b9363f6b42003c26b417ef8177c010f3e6b54e042da7"
"0x34c7e6be20bc4d7373c1c1e8251458cd21d77cddc228bcb0acfbd0f7de2daa06","9778481","0x69b8003bbe73e6dfb0670fd76e1dcb4edfc634b0e4ec6a1467bdd94082ec5fe6"
"0x96ce06047bb891c1918e1aa1fff6e3dc27d0357a48185e3812bd6221fec87e80","9778482","0x172212cfbf78c7b6df66e915990bc35218e75cf02ad9bd4e680f22d9c49eac1e"
"0x46976d8267d17a3254f7d5d24e102d136e07156e1a6f9e475570cea7dfbbde01","9778483","0xc4be2fb9acb4710567311ccd06c0e43cf8aaee6bae23d926f28bbee820ddd895"
"0x625cdcfdb548c576e2f9d5ae18b0d8367d5c06f4d9efd2e9b69795ae5395b9fd","9778484","0x76aa7771796827bf7f686b2e22cfaa920a80db61a07c186647fd39737bea37ec"
"0x408da3946b43d0dc82fb201d39ffc747a5596936a878e7d6f827aeec4dfd29f8","9778485","0x9e4b4e179b9a763c9158507f9377a2bc7ae787a701713db38762c0a3de364f79"
"0x6713a96f8cb01cffab8ac485e5a0c28f74717e74692218a490d07194c938538b","9778486","0xc4be2fb9acb4710567311ccd06c0e43cf8aaee6bae23d926f28bbee820ddd895"
"0x8483683861dcc20147103a98cc1a6b53dbf409a110ae2de4c19cd064ec9391ef","9778487","0x76aa7771796827bf7f686b2e22cfaa920a80db61a07c186647fd39737bea37ec"
"0x5c8f27a7063e31285c9cff86c5cf76f80b4e50d3e8a80f9cd5b5572f694bffff","9778488","0xf4bfcbd64dfda81d2bc42a88e47a6168483c85f9f942bde61e4a7561afb775ec"
"0xae60f0136d68b91897f06e97df23ff393155d637a9689e5fe7fd5032ff891027","9778489","0xda63edb1936292371c5e46beb7d539e49358f5910253a75b5ea5d3279677902d"
"0x10e27f3f539687c824325f70d41ea32baf6b7ad5d607a2ea49f6334c8f169a46","9778490","0xc4be2fb9acb4710567311ccd06c0e43cf8aaee6bae23d926f28bbee820ddd895"
"0x21204766b2b365620d118383db3b923ad7ba6741e78dd9ed3ec67621776bf511","9778491","0x9e4b4e179b9a763c9158507f9377a2bc7ae787a701713db38762c0a3de364f79"
"0x1ef99b7485c313afe55b66d5d4a74b50b3a3987238aa1a77844a6a52c2da8ad9","9778492","0xba6566af734d1bedf87714979a94fbdff902bfa02dbef1e2723f7bc6141ec894"
"0x1eb84ae9e7eb5371a857acb876cfcc0c584f2f92345b9b0bb9660e4a9e9bc236","9778493","0xc4be2fb9acb4710567311ccd06c0e43cf8aaee6bae23d926f28bbee820ddd895"
"0xc46c1bc9a7a96e331f0951b5def2a7837bbe68d63ae1ff599b33420997669e15","9806039",NULL
"0xfa0b93f1e50a848a9bbea7b35b0e4ec7af3f029acb2f8b0b361e349740cc5541","9806157",NULL
"0xe9ca53bfc49def98263c4a3ab9a4aed358df36679a61fc8171bb008d08202bb3","9818208",NULL
