delegator_address,node_identity_id,status,details
0xb31fb8f1629fd1523bbd4f0aef474bece3e3453e,2,success,0x31c955425384aaa0fc492a78c855c52427a3b303663685916fd18358efb5a0ab
0x3077f103bd9a7690c88767f6c073f286bd232317,3,success,0x9171d0666d5a5349979effb97e3b0712401ce5179b061a4a6c3cc2120cc33945
0x1ed5ea3035c2a9d3c6e89205516257fb0a8ae6cd,3,success,0xa20822d686177405e32085201c7782f58852ad16b913b6d95fa591b84a675e4f
0x3077f103bd9a7690c88767f6c073f286bd232317,4,success,0xa1ae39a13d187c408f1f2a9228b788d3e38ed48793cff8c9a8ea2b216cb27a17
0x1ed5ea3035c2a9d3c6e89205516257fb0a8ae6cd,4,success,0xb1ac2c3f884953de1214e9f7117b2e3e0054e2bcacd958665aea533d74c56d61
0x3077f103bd9a7690c88767f6c073f286bd232317,5,success,0xb9175f034bc87a1a847eb4b046021d001c69bab39776d929bd156ac172d1a910
0x1ed5ea3035c2a9d3c6e89205516257fb0a8ae6cd,5,success,0xe60adac55be7517013a6694fe039037b1c5c462f61449dc0fd699d5d14b00610
0x3077f103bd9a7690c88767f6c073f286bd232317,6,success,0x841739b1037d4e09762ee402934a5d18951d71ef949e62401410379ac6d4f017
0x1ed5ea3035c2a9d3c6e89205516257fb0a8ae6cd,6,success,0x74172de380f7d2714bd6d178071e077e9d3f1bf61e74de1368ce145e796b4f8d
0x599c59081d9b673bbddafbc933b669aa84ea3ee1,7,skipped,excluded
0x3077f103bd9a7690c88767f6c073f286bd232317,7,success,0xf9121774fa86f453d292fbbe105c2e0b2ceda948a8af4e53139db43fb597ee5d
0xd28b3107724e066264f735ffedaad0d5f35a426c,7,success,0xcb8f9c5ab1cd957350d7e264f78ce25b0c252213d9c5432a0225ef68217f0d0c
0xce45174e0fafae449652b24719f664eaf3b4677d,7,success,0x33cde7fd8c299ff92a39650a5f27054c90f68065d3597d007d55ae70d2febd14
0x42925f3b33d315000276f0f6a257e4fc3c06da21,7,success,0xa91919e08823fbd9817b627af1e457892584ea42a07a06f07ee445ec9e4882cc
0x4f1442ce0232b5a178d83ec928a796098c43b026,7,success,0x95b2c0ebf03834750117e8f618389667148db3d590b3abc3b9806964f24634cb
0x922a00075edbd3909aafe75cbc20d4851e984859,7,success,0xeea8afd38020ea09641c5f71ba03e95f95739594218d10a0346c77d2dbc6b524
0x1ed5ea3035c2a9d3c6e89205516257fb0a8ae6cd,7,success,0x36c010eb33c144c77c4564c6e61e9abee393a072768f472923aa38f49cafe059
0x3077f103bd9a7690c88767f6c073f286bd232317,8,success,0xcfa5155bbe6f54a73694027a3ab9fcbcf734dfad0503d0b910d202c6c2414155
0x1ed5ea3035c2a9d3c6e89205516257fb0a8ae6cd,8,success,0xcb96fa05e96a0db9d3b7ef0c9957bdea8959caeed535eaf4b01df8f6c6d5fed7
0x3077f103bd9a7690c88767f6c073f286bd232317,9,success,0x4cc08df706d4bac2a2c58ce232cb55f02766436049dbfe12af4e0d5ee7237118
0x357ebb0290ea30bf84f011eb0613f152ef06406d,9,success,0xa2da3571c54b67cf4c4a3f62351d8dd35fbd63dd859a856f0be46b2925f3dd5d
0xd28b3107724e066264f735ffedaad0d5f35a426c,9,success,0xcc0b5b06ae66d47dfeccf1b98842e7697da9a5f275d14091ead491244925570a
0xe23a6b2ec7954704422afe8c4c422803928408ba,9,success,0x10d3d4885ab7d45f7eba27926c318c0063584eded8d38d8ef418240b227a1419
0x6c4b96cfce013c8d63da25f7227cbbb350feb6e3,9,success,0xf0c39a60759a53d6a9f01ecd223b6f5a49d47e46a59bc0e253bb27aaeecb4c7e
0x20bd45e3529e9aa3b59b30ba5f509a4d0f572ab2,9,success,0x276e20838eade66a27ea85fb8fcd8e92ff4209248cea6d366b729f143956c8e2
0x7556e6208491aa331026dd781ade541cabbfa176,9,success,0x7de0d0f304cabe1caed1f9837a0cb848db10dd2684ce260e0b43264856b01b36
0x09f331cddd8b2a3eac1169e938133371c3fce528,9,success,0x4b6d26ab4e34a908b4c140625a5efd85cbc6a5a420c5018c1d6a48680fe97adb
0xcca5ff0b24b3153262ffb7efbc8a0ce5d635a0db,9,success,0xe1eb70db27de47f10e3f6c24a410daac0b7b95788753b623b5d2fa81c3bc93d9
0x8bf4364a5b4f55eef70f37ac32ed26f095b5c011,9,success,0xb32fb4fa19811aa3549bc68c2eaddaaaf0124c28a6e4fd8ef52949af0b5e8e5e
0xaea88f1ac25c4c752e3e2bb540f4167125525d20,9,success,0x7c18b3c99006fd04c07184d7b8938e35a7a1f55447eec5fc3216160405625c7b
0xa4cc91610c3ea93b4684a175a1fd967376b7b03f,9,success,0xc33cf10722a2c16c1836a9319d3ebb0ca3d9b3294766f976667c89a34b52af5a
0x8e103fa9ea1c9b7b591bb4a87be840e332787eeb,9,success,0x3ccb953898fae8d1ba8d176eaa3b7d1e90aa1031f67b5147b76a45bb6de9ccc2
0xed85ace7cc10b996a84905e5635f25228de8df6a,9,success,0x9cb93e0e2840f778ae893690aba5f8ff0f5d2ac1078ca44cbcb2b4d2c8aa5cd7
0x90098ee8c21e5397e8ff1978bd40ffcd76174756,9,success,0x9517fbb60159f84d92d49f425d7e3d20cd659d3b65fa4bd9f62ab80ff3ca47d1
0x27061b37194e90695589270aa785c14786ef4358,9,success,0xc5d24bbbbc8b83a62b958e003faa3868b872ec053e378cad7b30fe751ac0acba
0xb31fb8f1629fd1523bbd4f0aef474bece3e3453e,9,success,0x0d66a46387ce4d2cec062f2c56c3aa018eecd7251c135a8a7920b4b0b9db9ffb
0x1ed5ea3035c2a9d3c6e89205516257fb0a8ae6cd,9,success,0xff66fe847083d0424f762553e087d4c0e8da3bce41c5b7a1b0a23166fde772da
0x626713967c0d98a2701c12de07e2d37a9eed0d5f,9,success,0x27f3dde1f50424eb6292f9a4654b8815d0771688646ea7b147a27f00787332dd
0x3077f103bd9a7690c88767f6c073f286bd232317,10,success,0x48184ac279a4b42844c700b484124109ac233cc24ccc1c067d9928b9b7f99870
0x1ed5ea3035c2a9d3c6e89205516257fb0a8ae6cd,10,success,0xcfd91b7c7dd247a79b1332c78a2a11607ed190d6b66fa9954366d0ade60ef767
0x3077f103bd9a7690c88767f6c073f286bd232317,11,success,0x315b12906b338fd1402e7cf8d9e52464917707502d4e47fa6c5dc7ed6a110d0a
0x1ed5ea3035c2a9d3c6e89205516257fb0a8ae6cd,11,success,0x4608aa6e19e2e84a9ee0aad51c4443f12ba5a1a1e0b210e6cc3f4465be5666e8
0x3077f103bd9a7690c88767f6c073f286bd232317,12,success,0xc032e6d56734eedfb4e1bcfc238a2c33e729d758d0f479a9589ae555cbf541b9
0x1ed5ea3035c2a9d3c6e89205516257fb0a8ae6cd,12,success,0xa36194c235efb6898f73258a19931b5b4042f46e8bafc51904e820f5d24f80dc
0x3077f103bd9a7690c88767f6c073f286bd232317,13,success,0x4585fdd5f4c2c7a0d0eede83915a88c3b7009903de4eb8a1580840d61c60546d
0xb31fb8f1629fd1523bbd4f0aef474bece3e3453e,13,success,0x2169114714b31a8771fa7e55cea7b30c04620e0b4572ddc80d1819c2f284d663
0x1ed5ea3035c2a9d3c6e89205516257fb0a8ae6cd,13,success,0xb373fe2b640d776948581b0f8264b063582171c5b8d8162d72d473277a265727
0x3077f103bd9a7690c88767f6c073f286bd232317,14,success,0x1acc9c8bda6aeace9e07f84bfa41f07c218e9c09c8dbb6bd22916eb166fbf567
0x1ed5ea3035c2a9d3c6e89205516257fb0a8ae6cd,14,success,0x2c99ea30520a0746b0ccbecf04dfbc9b30a138efe041a1c7a7644b18ca7b7239
0x3077f103bd9a7690c88767f6c073f286bd232317,15,success,0x4bcb29415a23a18a331ad576391d9213721591e2668e8a392d72da1efa8aaa50
0x1ed5ea3035c2a9d3c6e89205516257fb0a8ae6cd,15,success,0xf8da6b41e3cb1ae19fd2949348a083abaeade1d5c17fdd2f94355cf9e6becb82
0x3077f103bd9a7690c88767f6c073f286bd232317,16,success,0x8d67fb8df3c00e950a782ede34f25e00431739d896fa2d36675bd3031da364fd
0x1ed5ea3035c2a9d3c6e89205516257fb0a8ae6cd,16,success,0x830fd78c94fdec387525ebc4da8dfb7b831697ff01684499ffae9362c01645d2
0x3077f103bd9a7690c88767f6c073f286bd232317,17,success,0x318db6779cf0880ebe42f565bf7d2d7fb9509ca02401fee8a65ad855dd7c6664
0x1ed5ea3035c2a9d3c6e89205516257fb0a8ae6cd,17,success,0xfb28a98dc55c6463650f2263942bf281fde3d8f68a3fa0dc2796b82e76ae463b
0x3077f103bd9a7690c88767f6c073f286bd232317,18,success,0xe8525930f2568300abdd21c02aae5e4f303bad0e8f37616e41e799a2f2527564
0x1ed5ea3035c2a9d3c6e89205516257fb0a8ae6cd,18,success,0xf0375ed736fc304a433e1864887db5860e7b540a03491024bcaed1ae4f1746d1
0x3077f103bd9a7690c88767f6c073f286bd232317,19,success,0x2b0f70afb1c2171bee116c3eaade8b125c56add81c30d8c6b253a5f4d6fc79b5
0x1ed5ea3035c2a9d3c6e89205516257fb0a8ae6cd,19,success,0xac2f2336048e9580a01399564857e0764e34b37ddb62174eb78ed01c38ba9bac
0x3077f103bd9a7690c88767f6c073f286bd232317,20,success,0xaa028285d79f22562218422588dceabd1f6ef3b3ddf2aa714f0d0b8a3e6fa8ff
0x1ed5ea3035c2a9d3c6e89205516257fb0a8ae6cd,20,success,0x8aee3b112f544b197ea559ba383bb9e340313c73450133ae24d1f57f25cb51d4
0x3077f103bd9a7690c88767f6c073f286bd232317,21,success,0xf0113f3c6e090ca425cc29532682e8d4f899b2978c178cea6802a771b006b2c6
0x1ed5ea3035c2a9d3c6e89205516257fb0a8ae6cd,21,success,0x1a357c99ad47666abc01804022ddba8513a202f8d1a04b09347c38a1906c8366
0x3077f103bd9a7690c88767f6c073f286bd232317,22,success,0xa43479a77952813794894b478782bc86588dde542fadb4998df608d2140c6d96
0x1ed5ea3035c2a9d3c6e89205516257fb0a8ae6cd,22,success,0xab33194dba7603650ced983b770d8e04c0bf4aea1ba50d63b0bbf3953ec8c516
0x3077f103bd9a7690c88767f6c073f286bd232317,23,success,0xba820d26354b1ca9933b94a578a641eb48c2c47743fa875ff35731908331e00e
0x1ed5ea3035c2a9d3c6e89205516257fb0a8ae6cd,23,success,0xa217466dd4e670f49e39dea008f319ed967c583758a4b6f512a647374ac48f4b
0x3077f103bd9a7690c88767f6c073f286bd232317,24,success,0x78784f409cadfee42914ac79de2e7c39e72869a7aed1283af3218e5f0c7266b9
0x1ed5ea3035c2a9d3c6e89205516257fb0a8ae6cd,24,success,0xe5f6463d064c8b29b38dcbad3e902ce701fae14d445bf18d8842ab1d7e0b220c
0x3077f103bd9a7690c88767f6c073f286bd232317,25,success,0xa158eb4cceddee71f644d560256cdb579159e20f9108a809e28490c69547aadc
0x1ed5ea3035c2a9d3c6e89205516257fb0a8ae6cd,25,success,0x464fbbdad30952c5551097c941f00d8fecfea383fd1708d31bfd9c5061127dd1
0x3077f103bd9a7690c88767f6c073f286bd232317,26,success,0xf1a0d55b730bc165804c17514e22b23bb3af57685b11f4d11a5aef173e1b1c1a
0x1ed5ea3035c2a9d3c6e89205516257fb0a8ae6cd,26,success,0xac3731652efe00dddf31b402aced170aa714c0ac2ecf309c95c27c239f145b17
0x3077f103bd9a7690c88767f6c073f286bd232317,27,success,0x5687eb29fd99c83c3d78ba47d95a84acd0a7b033d144eb982a0632dd31602564
0x1ed5ea3035c2a9d3c6e89205516257fb0a8ae6cd,27,success,0xa8542ee18c5bc90682c10af7216955e42ecfe4755299dad69a61c83dda1fcec3
0x3077f103bd9a7690c88767f6c073f286bd232317,28,success,0xa48f99e06e0c99619e196a113c82531d20a6c5480af3ef2e12623c7772486196
0x1ed5ea3035c2a9d3c6e89205516257fb0a8ae6cd,28,success,0x4e364559988c0d37cca2debd26f618349db3ea23fad884e0bcb30c0bca1c6aad
0x3077f103bd9a7690c88767f6c073f286bd232317,29,success,0xbd4091153f628f45b89513335d328abcd91f79d57450029402e87020382eb15e
0x1ed5ea3035c2a9d3c6e89205516257fb0a8ae6cd,29,success,0x2a40eff41547203bb22e59992f0c62b433466c6a9921c77a193a8b90f56293a7
0x3077f103bd9a7690c88767f6c073f286bd232317,30,success,0x585a94092efcb1369c225a2238c5e712bb28cacbcc1b1c784271816e66ed420d
0x1ed5ea3035c2a9d3c6e89205516257fb0a8ae6cd,30,success,0xcc73b0712f3b5592b58ecd276da0e36307bf358c6bc1ec935418382c697f3348
0x3077f103bd9a7690c88767f6c073f286bd232317,31,success,0x84b165af4e1f968c4ac4a1d97aaf03b52396bcb0c05fb355254fd6e7114ed92c
0x1ed5ea3035c2a9d3c6e89205516257fb0a8ae6cd,31,success,0x9d2f7e4d8a89b7988b20acabe7cf6083fd14c603af2f3f375dfba456aed76ab1
0x3077f103bd9a7690c88767f6c073f286bd232317,32,success,0xf647d85ab6ae58457e64e0bc935e43b78fe4e379c819a7d4bb85ef9cdf39ae62
0x1ed5ea3035c2a9d3c6e89205516257fb0a8ae6cd,32,success,0x6d71044d10c48a0d8b42eb2355e6596a459e623457cc863ddb27c78d32f763f9
0xb31fb8f1629fd1523bbd4f0aef474bece3e3453e,33,success,0x45188996b3943d08d837c5309f8c810daeefbc4ef5f2ceaaf29c69ef259ce41d
0xb31fb8f1629fd1523bbd4f0aef474bece3e3453e,34,success,0x42c22e9a36aaeb775632ba3ea4b8e819703348703513c98621bde606fd271541
0xb31fb8f1629fd1523bbd4f0aef474bece3e3453e,35,success,0xcc3235065860ced9a4546ffed9208e7da2a88418253f25d2ba00abf374aff415
0x70bb01bb6f05c7e39f0b32a4be85d977bee59e5b,36,success,0xededf18a0060b3b0f8dfa880d77e86ffe428c5ed2cdbce02a715fc59ead0ecef
0xb31fb8f1629fd1523bbd4f0aef474bece3e3453e,36,success,0x1393ef4175d6a527cba6ecfe9947a24628b256579a2fe6bc6bc13a5d86a0d8d9
0x19eb20a686022608bfde3d337244e1f364c8efb7,37,success,0x84d24ba92991ea145c91592fe39299c8cd09d8034da76980b56f22e30611f935
0x7779db32a942d32c9f2aaf6ff680faa7e1e9f84f,38,success,0x46847f598c5b7cced3b7dbd9e4ffe7f260265149101f11cdc2ce70b74e3715dd
0x840af7a83c5fefa87a360fb98c027a40e7e58f1b,44,success,0x2c639a03425619671717b9acc99cb73db1a1168462ebe2e78cf86ee3d314ddff
0xe4dd1f7d2e33406cc5d81165aa2fd9bb93fc8ba9,45,success,0xaae890627ac3262ca3211b8eb201267cc7e75f43fbee6d183bcacec85f672983
0xe4dd1f7d2e33406cc5d81165aa2fd9bb93fc8ba9,46,success,0x0886b23eaf9373dec4efabd623b3c9334e9e19f7611eca560fdcacc13156ac11
0xe4dd1f7d2e33406cc5d81165aa2fd9bb93fc8ba9,47,success,0x954d1889fc085da707e2b92ca8b104429c0f4ec03fd2a39399a2ce4e8f0479ad
0xe4dd1f7d2e33406cc5d81165aa2fd9bb93fc8ba9,48,success,0xe0f72c71ca13d0ea7e2a5515f6d4a0367f9d9b9260c5b72f967e50131a243e1c
0xe4dd1f7d2e33406cc5d81165aa2fd9bb93fc8ba9,49,success,0xa8f15d9152c238e89d1f04fe1f1137270995e3548b7303c53892e1a6ecef359e
0x67164c15e2a606f48f829cb71b1a04db41d47917,50,success,0xdf76d1260f42ec89bad93749f50091e3a46408433c777814991407c689a978b2
0x0efe4f1ddbf44443377d05a458451c9ca1be73b8,54,success,0x6cc5c2d36379802237f4aec532a31903a968ae64116c39dbf87576a3bdff8a31
0xc4d83f68f783d9d833813842b006b30af2968fa5,55,success,0xd1c8d7d37b82dee4fb6fd2503e9863bd2a88462cfdfe07eadc8c37af8df37219
0xc4d83f68f783d9d833813842b006b30af2968fa5,56,success,0xef13ed46061b56b140ab7cc95bfbcde712ddf6b2e0c50db5b3f84e281ec60e1b
0xc4d83f68f783d9d833813842b006b30af2968fa5,57,success,0x7d45a2a8adbba879508a2e37f78e2d3422af02303d50a35ba9ce25dc7025915c
0xe19e7c27df88c8a705d4df18feab67030fa9b380,59,success,0x5b3718f18ad75f0a1ba8c48a5f0e98bc3bb732234d1ee6fb7fd3e6e42e179d2c
0xe19e7c27df88c8a705d4df18feab67030fa9b380,60,success,0x7133e4c7ef7a8c7eae5fa839b9de35dab2fe3d659c26b013eeaf0a1f4d92be8f
0x0a0d8713c3fcfd18ab9bab182142b51a16079dbc,60,success,0x6d611bc1b8cce7aff5a6086900713887e788f73e11d1cf8f4f31cc4b99f1ebe8
0x19eb20a686022608bfde3d337244e1f364c8efb7,61,success,0xfd56f1ea7eddadd52d734555de8e7a1061b4f0101f0df27741b548c291afb92a
0xb31fb8f1629fd1523bbd4f0aef474bece3e3453e,61,success,0x3d739e1e88135288aff291c907dfafbacbe798a38dc0ec0fb77b234c1e3a4830
0xd28b3107724e066264f735ffedaad0d5f35a426c,62,success,0xcea22b4a32f19931de0786f2f3b8d561cdc1e43e2f8df1a9cd8dec9c58862009
0xf220a79836bd4c7fe0f0760b154d955c01c6dd93,62,success,0x3ace4b36b0472c84bddc0cdda78ff621564f0a654b6c5fa16ecfad475c39e4aa
0x3a45bae368dd903074cda7e08f0f3d8a0a63e6de,62,success,0xb8aa31d9d6e52a74aa866029aef679575a36b72252af621b39804b11f4af3892
0xb6c3ff5539522323dfd6ff1d9f7cff7c4f34d6c6,62,success,0xe3d3b4c163cc9dd92cb5ca1aebde9d85fbf53540ba8c07bb7806288f1d768d88
0xf220a79836bd4c7fe0f0760b154d955c01c6dd93,64,success,0xabe1273a4f84c26b68b87f0d4eb26de78843301d40613b000b8c55d540d41f7c
0x907b7a9851d372cd301a938799c00a8b464a2419,65,success,0xd56d6263f70b72a1c59fdcfeef8c3950e499846d0027c612d4eddcaf7ad428c3
0x907b7a9851d372cd301a938799c00a8b464a2419,67,success,0x332d9622b35a80f68275e287290bcfa9489a289ae20a6acefa39b488125aa5d1
0xe6b6dc9dd0c0d72cb14476193289d6575444376f,70,success,0x2c792f5725041f4024e3377c6af62255401b9aa1abcff1925ab17f289e348f7b
0xee92c0402b937d955abec839aab42df4ced716a1,72,success,0xf02d42fa61a44de672bb677328b6940b080f4c9edde675c740b1f6b8b5a4e310
0x55bb097adfb35dd0a9dfa8ebe03d579c5b3db8b9,72,success,0xc8dece9146bc1ab29e400118ba7d19d19f272b28ab31812484faf589ac9804df
0xa8d21f6b3fbaac6de2be1b24e8bb707e0e014de5,73,success,0x9acfe0f5beeccd3572f65c9bbdac1f838ae2d2bb6645612c9bf7ea736d481231
0x069fefd6ea464df8f03fc29a4fafddd0eaaf2601,74,success,0x7c8b0dc1f2dad3bbb2c412e9c856c594a203f798bb197da2576eb756b5085f65
0xd28b3107724e066264f735ffedaad0d5f35a426c,75,success,0xc467b6ee33a831ad29cea0b61180cdf28e1f5c9925845f8567fa85e85a6754a1
0x70bb01bb6f05c7e39f0b32a4be85d977bee59e5b,75,success,0x1fbc2019f8be866196ac1c74da99705daa454b86db8f994b705688c57cbf65cd
0x907b7a9851d372cd301a938799c00a8b464a2419,76,success,0x2e21651a4d8b8855776184ede9ee87e3026d2e1a8db9270b8d281ef8e2509a75
0x3e4c39228bfcbfb98edbc1905a6c7716cd5303f2,77,success,0xb9703aa8424754a0e537ac3ad4142cb8c9e8e041a154d3ff5e4fe00759fa378d
0xf31e8ca84382bf02d4367905b6fb536beb08e11d,77,success,0xd8f81c3a697e9dd092be279dc02a285de38121595d0de08067c277da01800c5f
0x86de4d5e5498b0d635c29e187d38c6f0be76889a,77,success,0x16a15af8a05faa690cdd8430365e12883c6aee1842a86137b74caa6d492d0444
0x17beedb486cb8202ea056db3105f564020d7876c,77,success,0x36f5c4d6d4bc2bb8cad8c67432d487bc296ab40abe19151b395e42bf1ec11569
0xd16616daf37157a3b242998dee144fa4da4c7214,77,success,0xb6ce2853e45c30a8c6e792ab61222713aa8ef3ea23bbff209c4c9d5f5b310fe3
0xdb3b95a0567c27a0d1fd6020550dd566a903300d,77,skipped,already_claimed
0x3e4c39228bfcbfb98edbc1905a6c7716cd5303f2,80,success,0x3c3e8bd7e7efe0af1e63761def90e114dba17974374a2cca6bb6c057ec3108b7
0x97cb2ac6009b2a2cc95843db610ca3f27c75bbac,83,success,0xa2bb2e7a24747e39c471c97c0344f406da0162f554bac59568907e6a367a8db8
0x4bea5e7ec1b3b407acac6da91c20731fba405b30,84,success,0xc838aa064b4e6d55af8c9739f67a24c7e771f1aa10927a6544bd0c2234e20bdd
0x4bea5e7ec1b3b407acac6da91c20731fba405b30,86,success,0x77b675b97a5abc3f3a1892ae3d4ae1632e1a65065961fbbe38e2e898e5017bc4
0x34446d2b12bcb468403386be511ea857e41d5c04,88,success,0x6ebade64b24dc76702ef62ea36484546aa2f59df399305828214e60f0a1eef5c
0x34446d2b12bcb468403386be511ea857e41d5c04,89,success,0xca810dd283594d3a856e341137511d132168f725d6c36347e1728710c0662527
0x34446d2b12bcb468403386be511ea857e41d5c04,90,success,0x6992f30fd70c9f2c37edebff1e5ffa3727f28dd959b3751506d8f0d8aef210cb
0x34446d2b12bcb468403386be511ea857e41d5c04,91,success,0x10cb0380288d08d8e6046d87b5047e7bc8a2880166b952a07c5439e906dd5389
0x7aff692b5d15b94577a59058dc28c4dd64368c60,92,success,0x3f6b87a0588d361a1a84e73fe92846f80cf189e4da1efc10a9ea1a507474b413
0x828f961b9c4c1d3e7ac88ebb5a764dd97d02a318,93,success,0xfd19dba75df9cf6526600470e93c033c7491afa37daa008a5fbca3dd8afeefa7
0x49eb60e1b1187430f66131e8663783757740e8d2,94,success,0x0090d3898db841584da7d35ffdb08edfaff11248a236928ef07f75d20e1ae88c
0xb31fb8f1629fd1523bbd4f0aef474bece3e3453e,94,success,0x8a3cecab2ace1cee3db8c1ee022f9566021ccbdf0dfedbf6841816aa6c6a9c2e
0x3078c02fdf27a008bfb7eeea3cd5776acc892612,95,success,0xb839f589012bf1ced261172e0135410b529b7f3c6a6db9706399d2b2199017cc
0xd8c8f8e07f779c34aec474ba1a04e20e792b5c5f,96,success,0x1b58e61ed73908e94ebc48fbdba2740180796a1574f748ca2769179c516abecc
0xd016c9094d63eca2255a9bb20c021ea4b16b0a2a,96,success,0xd304381f633ff03783784ce984c70c30501f8df8ae13fb1588ea5bf726edc099
0x77f949e0e0a395757bdde6510d4f4e4be168baf4,96,success,0xec37a478e7f7e4f74540321eab229e4c301769b2debb886bac869d1c88adc8a1
0x018895b05d5ebae4571db08c0a1472b071b5e66c,97,success,0x37903fecd7df94018af393e6b2e635dbf106cf17824ffb1865064af9d7972d4a
0xdae4d466150eb98f456286ff41179ccdb0adc081,98,success,0x393ff9e44cecca98e78e8c1450f344f59425b041b573a81c83e0d4a09546eae1
0x706522d3b7b784b84bcf308d989e50dd3577f5ba,99,success,0xbc787de3dbc60bee8ad4aa5f336ad77be1493659f96fa67d8f3509506b9b0fc7
0x706522d3b7b784b84bcf308d989e50dd3577f5ba,100,success,0x40da97fc8d607392d07a3b3c667131117bfde39ae0b0db62ddeb3f7a61ae33d6
0x599c59081d9b673bbddafbc933b669aa84ea3ee1,101,skipped,excluded
0x626713967c0d98a2701c12de07e2d37a9eed0d5f,101,success,0xcbc5bc6750f064f380bd1f60d7f193ad3bf3da5f6e5130551e252f306fd0caa1
0x63d28071c1574277b5fd8f11886ade869a660fc9,101,success,0x954a675a3c66e54d4ff9d469494fee35713aa86f891b98d7379229d43a61d556
0x357ebb0290ea30bf84f011eb0613f152ef06406d,101,success,0xd0c9ccb34da107c84d5eb220d5b4eea641607c6ab88f427a08e36ff4a8ca853c
0xe3324e63cc99f05dc482d2e73b2016143b163ede,101,success,0x38eb8beee68a9de75f64e12888d9f8a2a0e79abcbb35bc38775924e752fac40f
0xfe8c1e0d733815bdd889144ea721a39b44fda866,101,success,0x175074cfaaac0991326bfe92201ff92d2f2f51d2ace3ce95cfa0ee5ba97143b2
0x2549393a45a63dc08ecf6cb2c76710dcfc6832fd,101,success,0x1ff8b46e14d4d3d02463d584a4fa1363802a30a02b1897b6494c75f3e2001eed
0x5ef5d89ab637d941a82fc30872abebec02d3e3f1,101,success,0x17b349cfbb3ef75ca71a92cb2a2b0c0880dc3058513d9e719b711fb0b0eb8a56
0x497583c2124441cb9387adc81759fc0950cb6ed8,101,success,0x8c7cbfa2e0f148f37bc533acfef522566c52877c42b778112d80caadb91e0089
0x10e82513d367b7d99157f9f3cd309080d2a36a97,101,success,0xaeced86d3a394310f48d3d52b212e80eec9996b059ffbf7c5480c8722e8c03b4
0x896930e77cdf937b26ad5fa0f8e5957616f496e2,101,success,0xdde180e8937a3242dee32ea3b055cefe49dbcab4c381bb876055357e4fb60966
0x3008f3c33fefb6f0fafd749cac0101f326a7cfb3,101,success,0xf5ec293ce1cb1af40553ef9cf5feab38d4db579c42940a5c3900c4c86d54514f
0xb598c060ef2b844286ed60e2eb5058dc69a2ad84,101,success,0xa0fe7d07c8e61348a5e07e2c0ffc49f6d5c611e97c112dfb76960cf1ca5fbaa9
0x861202b0693b5cb64f38704795ee96e71199d737,101,success,0x941f654f23e9644ddbd81db4f0cd7c6ca6863b365eddaeab3c2bf9e0f49eb0bd
0xe23a6b2ec7954704422afe8c4c422803928408ba,101,success,0x1e7011b0e60fb8171f29cb535012acb80d342921304d6b04a028e945604e7719
0x1f70ab7a96554f0cc1f6a4c57f2b244e8cba2f92,101,success,0xd7c8a679eada72c0b46a620eeace6b3838445d3803474951105a62378d68ad43
0xab9ff3b61c1fbc40d1ac6610b3b1093805165fb9,101,success,0xe8445b678fc3dbdc5092d60b1856b92ee39ccae8329488d4cc6827132aea58af
0x71d7d9836884ab6801160f3f12063b262f44fe7a,101,success,0x0f783e0fe3bd5bf39eb5ac0be7a1abf8874fc49aef0573e977b54e42e6131dbb
0x6c4b96cfce013c8d63da25f7227cbbb350feb6e3,101,success,0xf02dc86c1bad8d3d76898fbfdb4dcfd51d9a5e2c43e57fa7dbf302da98eb9676
0x5a168ccbc4754fbaf66a2f1d5d3e28acf45a542b,101,success,0xf159baa68ec254f764886e589ee7d5b523e01e239252cce7a6e84065bed2af61
0x50d55e6ed4146425c52c26521ff14be90bd4d1a5,101,success,0xea6dfbd58092f9fed7810cadc042c828e2b9405719f7bae0b8e421eaf68c15c5
0xacf01bd31fa84c64a8ed6c16c090e0944b108f59,101,success,0xec2f49876d6b0760ad8a026c234f5387d9541dbd509bcd82f4e2e1e1558a6b84
0x7386184b04d79780a25e9eea8bf4e9374f4b8c92,101,success,0x99beeb974ed233cb5ddd3aaa70f079ed8240c8d0f788945967309d4cf539e638
0xcb18357e0dfea14b4d84d1d0ca1687c203d6c62b,101,success,0x5b7d292cc09bd0527ada64453e88aea98f61a1468486f469ec66499bdab68513
0x42925f3b33d315000276f0f6a257e4fc3c06da21,101,success,0x93196a39dbcf417d6551f23cd802d1082b9a5d03da0dd3e44453a134b921719d
0x07ceae37d0cff6baeb729b885e36527bd123baeb,101,success,0x69e2c77301ece69dcc37d949c712d2ff96d97576c5c46eff75288121ccabc402
0x922a00075edbd3909aafe75cbc20d4851e984859,101,success,0xcd8d3eccbc62ecf7c1dc6f43f51dd51a53569b6d54e4de080b9f7e114243960c
0x2756301b12dbd300f329f7693839011eca868c0b,101,success,0x807c10d80f1370b63d8a1f72a2983b31beffe66e51d433975bfeade5d76f04ee
0x86de4d5e5498b0d635c29e187d38c6f0be76889a,101,success,0xd21f04795e9e09b0033163157d656052ec722f19783f1e8ca417d607d01c0d58
0xb31fb8f1629fd1523bbd4f0aef474bece3e3453e,101,success,0x029a84104fcee3e8ef20563a3ccfce0f56e83a92978aa5fe90cb7731b8ed436a
0x67164c15e2a606f48f829cb71b1a04db41d47917,101,success,0xbea8fab0fa8b6aba27922bc0ffd3f3c2671f31bf60051682aa023351d061c538
0xfb013a35c5939ab629e88c2a91e7f4d35ed5bfa7,101,success,0xe4f7db5db276cc28791f843e8eb46fcf5f010c3594e176cfd6212582288fcaa2
0x02cc95b317ffff75878a8508885ae4842c6d2694,101,success,0xfa3ee6a18758816758ec98634cee1c899ef95ff8e8b75a8035b16174629bdc0e
0x4353fb2ac5924214ef3e23aaddbca336ce254447,103,success,0xe84d9557949dac4507044273ef4f8af0f9b6b3cfddc33796be4ca71c98831ca1
0x706522d3b7b784b84bcf308d989e50dd3577f5ba,104,success,0x9a072ce54be8b81e367be7f423c1b812a87066c1484687fb06b0e32305c08a9a
0x3d03843f5bbd7007a0937f38fd72bc0fbe625398,105,success,0x08d151573e52e6857d41a13c5c2607602df17a84eb1a7327a83b174d27dc76a1
0x8e9c666458788b984ebfc20e00794945e1e7cdad,106,success,0x7fcd38dd407fea48536858e4c9617a1586fe6b85ecc2939cf5eebd920111e2a8
0x8e9c666458788b984ebfc20e00794945e1e7cdad,107,success,0x0c7c222b0d293c024532342d02b7353bfd85df893192e3ec251953c568591dfd
0x8e9c666458788b984ebfc20e00794945e1e7cdad,108,success,0x0149b57e6e02cd7113a7baff82469bb5a1257a8c278b4b51a885912914da6856
0x8e9c666458788b984ebfc20e00794945e1e7cdad,109,success,0xe322920b2b31652980ba013e1001dd026213892bc99207969395c96b83dd5b05
0x8e9c666458788b984ebfc20e00794945e1e7cdad,110,success,0xbedd8a1a29b6e9d10e7e2b35182d3dd50163ec3613bf52df570faa04ec4469b2
0x8e9c666458788b984ebfc20e00794945e1e7cdad,111,success,0x6c5c09db5625e8c5f2edbe2bd53664314c8d8e5298f8f157f20f09ed471d6464
0xe2a3505aa76b481e00632346a1c235889ea8f9e6,112,success,0x4a995fdcc78fb9e8ca5e452682101ac924ce8d168331968fd6888afd205a250c
0x922a00075edbd3909aafe75cbc20d4851e984859,115,success,0xd74f8417cf72a1c2808589781f36b09c8d4d6eb8e3f502f526c31e0fa36b2621
0xb31fb8f1629fd1523bbd4f0aef474bece3e3453e,115,success,0xea5dfb065f605d4fbedeefa025532b852d3ca77532d912f8ccd3cdc331832024
0xf5d3bd875675ade56ff2b879e3fc08a85b590584,115,success,0xdde220a13ac952cbb86b02f92c566f50327b364d43b747ec7a858a3ea26aacea
0x626713967c0d98a2701c12de07e2d37a9eed0d5f,116,success,0x4b2a5ae06b840e43e1a3a3e296aa2bdbf822c2f788f3e416a55d8df86aefae8f
0xb31fb8f1629fd1523bbd4f0aef474bece3e3453e,116,success,0x35675e2dbcdb92bc593efe44169039da92fe3a0125dd2ad9c93bc7e210299b40
0xf5d3bd875675ade56ff2b879e3fc08a85b590584,116,success,0xce151092cf4f99b6e75e1e98963ba5a774ce97cc2490e34c5784ac925cc7bac2
0xb31fb8f1629fd1523bbd4f0aef474bece3e3453e,119,success,0xa0b67739383a693f4d7ee41da70814dac1d5fe7d9cb90c0e4e253e30bfc50cff
0xf5d3bd875675ade56ff2b879e3fc08a85b590584,119,success,0xd0738bebfd150c9fdedfeb28ae2c2481eba5b6c763edc9431a06628c922167b7
0x77d90c6aceb4ff3dcfb00ae719943775bf8331fb,119,success,0x8256cb539eaf949eff14f1652ad2bdde7136bb670e9a2495a713e14e8c9173ce
0x602c0025fa7b4d7b9da3851315230f86e7361a60,120,success,0xef60eef2d90fb4f7826c9266204fa1970cf1c5b6bbd7bbfbad805ee3699f4c7f
0xb66b2b50ba5595105a57306dd01b05d2f843178a,122,success,0x5fce5e5642c46552fbf6ad41a611e76ebb8da23f87885ffe77ae64715cba579b
0xd8a11e406c82c8a85561e6439cefc713d3782efe,123,success,0xbf48f3f5380b737ce438adc5e2a78ac4144146f93f294258b8ddcabcf3e52a74
0x7232af3552c83e646e4a43368ccde98c4433533f,125,success,0x6d2d5164d4ce2184449cda087f525ac5831ad2b5148d0e4430a577b64da391dd
0x13f2ca958dffd3f313e7352387516b2c6edcf3fb,126,success,0x2541c815ede1d4e296268004b780e5fd2df3c4e97e0e7adc2cbf417bff20ffab
0x65b99f6a44b3d513f0656231854813e1810f31e5,127,success,0x9b09a83e2d7a2abe8508bcc125b26141a160c4634d3397291546f20cf041769f
0xac68e6ede891f9b314e8e189e81375ff72d02219,128,success,0xc22c43591948a2570ae9505b02a6cd28df8848efafa1a6b12bf57f0a15ce973e
0xfe8c1e0d733815bdd889144ea721a39b44fda866,131,success,0x513f2839910a8330631f266d0588e717069ac3161faf6ce0a9033732529f650e
0x98a96425b337c80bc9e2bd493a65e7546be8daae,131,success,0x4f4dd441b84026874ec66d705547e0f38fb4bf59b40d02ceddbab6242a7f9afc
0xa8a809c5b9681617da775e6e16a6eae1792afb42,131,skipped,already_claimed
0x7386184b04d79780a25e9eea8bf4e9374f4b8c92,131,success,0x55581dbd493e81d685b88c7412f9f59eaac2608df66561632c0600252c99ee7c
0x20bd45e3529e9aa3b59b30ba5f509a4d0f572ab2,131,success,0x66bc6fcd51ef6e625ca24bbd360ad3b3f842bfd051b70b6b5dc18ba769a08594
0x922a00075edbd3909aafe75cbc20d4851e984859,131,success,0x7e8ec7131be2648200e0da62459f608d29cb8f1711d084dc3601ef1eb3514ff6
0x47e920f0379ca4648dade5c79bf022c8283efc67,131,skipped,already_claimed
0xd5f95e1910122764e50f7e55bcffb3b162eeb405,131,success,0x653548d8162467e8d6d50fc273b583ea74a35eba85db716209ddba342c4a6ac3
0x322b412378eb0e92a1fd510090139f51b97ece8b,131,success,0x186fc6f094f54713857ba327cabcc9e9bb0a5e29e90a4d759da8051d4c6a62f6
0xc93b9efa79f4d66875b4168c408007b956344467,131,success,0x704f655f41bf0a8d05a19c6071fab61292d6feb23a1d84cc65dd8b4018b0bf3b
0xb35629afa1d947cd954859981feb0071c9649be8,131,success,0x7d1b3bf81d0bbfb6e7c57c59a4aceef92b40aef00e1aab15f7bbc9166e835fca
0x97039c3bcba43eaeb9551ebf6ccf50eb481d84d6,131,success,0x6e839a914afea9194c4e7182405a8bd9f531706e1c825a14f257bd7cd30248d7
0x1f0299942390de72e9e5a0d7ae0ffd09d5007fcb,131,skipped,already_claimed
0x9b2d9121f91a5b647af8d85cf0b6859e49e86fde,131,success,0x5eb468005f450e30927232c80dba7a83d9a2468e562286120db14627b77e7a9c
0xb619353b6c20b3825c5311f6e31d0ad26c641178,131,success,0x3affab3d60676a1cc0ef11b3b27ea9ee1cf094669c8343de041cb145a57b1732
0x96e3d4d0e4e271cb08e5dfc0c1b1dd77ca0fd089,131,success,0x4ba836585a05677ac6051aa7586b824402b20d85b4943bb50ceb3cbd545a0d32
0x599c59081d9b673bbddafbc933b669aa84ea3ee1,135,skipped,excluded
0xb31fb8f1629fd1523bbd4f0aef474bece3e3453e,135,success,0x12bc2c485c75b2bf107d4736cadccae8ff7e0e10c5d1662965fb2776b4ce16f2
0xb31fb8f1629fd1523bbd4f0aef474bece3e3453e,137,success,0x775576b59f1f1b274eefc9897eec8d379bfdeeb228c40e1c624e0f26d9d885b7
0x599c59081d9b673bbddafbc933b669aa84ea3ee1,139,skipped,excluded
0x8dd0513d158508ff152b0ad45562a22b39644359,139,success,0x62df562406dae067eaae0c56cb08f27eeded6c95173f751a1b3e98ebfa0204b9
0xb43c5279e3b5322d8cbfb617be310c37870bb8cb,139,success,0x790e3a824983d7db56cce3333c832ed10fbd9997c46b43d1e1b1dc61fd0af8da
0x497583c2124441cb9387adc81759fc0950cb6ed8,139,success,0xb5d52fc2a0e6de81262d8ad182bb7e0d3324275844a7ecadf68950680029b308
0x4380cc0ab24f4b83aa6ae3efc368caa2bc528cec,139,success,0x2103240907c7cfb0239211419e7455943bf36934427c06a6f84f6a53df3543a1
0xb4e13ae1379b1c0823b887c8ed385128e05ba61b,139,success,0xa5d0983b2a90d697ba55395f72e4b877b1085b1e8e035c5225c5f92336fae035
0x6c4b96cfce013c8d63da25f7227cbbb350feb6e3,139,success,0x82dda1a40a3180438b71de80cb996d15d8c9908e7f465a2d943813de1de88611
0x70bb01bb6f05c7e39f0b32a4be85d977bee59e5b,139,success,0x83d496f4cdc75c68c9525448171d6a4f6d77529a7457056771a7a5beaf4a53d1
0x19eb20a686022608bfde3d337244e1f364c8efb7,139,success,0xf9345a0f7a3f4afdb0378f12e5a084c5d69b18ddcca38525b1e0402781233aa0
0x7210c2d2b5c4ac96018cde5f74e95cdfcefaf7fe,139,success,0xf5224c3950e4e103d19b9c32516bfccb73f6d0f48755a77c46b4a7a72f3fde33
0x04887a931b64e49cfd91663a82315e2b16c1961e,139,success,0x2d433482194dc484a916ebcd5c4e4b3ea79ed48cc85fde13b23ee9a1a68221b5
0x7556e6208491aa331026dd781ade541cabbfa176,139,success,0x312d41118603b475724c8ebd6e55caae117f983b53450c741c36feb3b2442ee5
0x398adad8b6602b7ce8148b1658b92f49ed8072ef,139,success,0x49f39293d9164062eb0e2d0f0373adda611c3b688639cb9f4abb3f24f75dea6c
0x922a00075edbd3909aafe75cbc20d4851e984859,139,success,0xc10f096991f934e3490af8ca476bb9187d4e9663fd4c0ae5d6f32c19fc02ef83
0xb7356c5964aeea4777248ce02547ff256e54a4c0,139,success,0x511c101f24daf31df628ba265a92dec05aafd2f6a7bf0f849030bcf24dbf89ad
0xcca5ff0b24b3153262ffb7efbc8a0ce5d635a0db,139,success,0xd57d38fc6976d7ce2b4dfa40d0729ff34794f61d5b120c012140c7d62d15136d
0x36aa6595f9a50a5260ee377ea184333c0c639a55,139,skipped,already_claimed
0x9f16bbe53cd85e44d5e83caf7421316f7e81c8cf,139,success,0xd9fd22d9293ae3cfe2191552e745ade095ff2b5a688aef0a8b87a694e559b998
0x18405396c4cec8447e74d408fabef1a9c2dc6269,139,skipped,already_claimed
0x9a47831de1f21e61b6b9cb1bb0392ac0b9853359,140,success,0xd8cd13fb1adaaf795f8da58fda3a2ffd0ef017db0e5203cc503079be9abc8e1e
0x599c59081d9b673bbddafbc933b669aa84ea3ee1,141,skipped,excluded
0xb31fb8f1629fd1523bbd4f0aef474bece3e3453e,141,success,0x2659a76023dc3f71c3e12a395adcd2e8694c2e2c2ac43a0ee9db3fddb694e5ad
0x599c59081d9b673bbddafbc933b669aa84ea3ee1,142,skipped,excluded
0x870904625800869e97600eb281d8a7c707788be8,142,success,0x78108389d2530d83c42c30a869bfbc03d25beae28c0e400d0686c8d620a688da
0x599c59081d9b673bbddafbc933b669aa84ea3ee1,146,skipped,excluded
0xb837947627c9eae579b001cb007e03b27995fd02,146,success,0x16270b6f39af10347bc79498ceb32d686b3fcb8f2f4d0eb690960ed859af7641
0xa19bace3ee6c2dc7fa6d8d194ba4e5f50928d06d,146,success,0x81066fc3f432baa1c17175881fab3bc9a1a4f0537d5ba3564fbfe8c41b383e9b
0x2756301b12dbd300f329f7693839011eca868c0b,146,success,0x093147a292bcc9589d44b52bfd11c38cdf084428bc316e7ece13fc06b92f0a86
0xb31fb8f1629fd1523bbd4f0aef474bece3e3453e,146,success,0xb3a98f8436956458117e13c80f1357058beacca7abce47dab700e001e107f23f
0xf1e085349d492a5546658e28a470055ced37c3f4,146,success,0x2b9b0565c71b785f06fb85d22bf324c87f8b23d403663b904730db2158a29940
0xf9896e42c33a4ae029c12135a390de542ebc340e,146,success,0x10ef585b60be5feeeb1e6e21238e07e76d0e975ff9d086bf5977476f5cf10867
0x599c59081d9b673bbddafbc933b669aa84ea3ee1,153,skipped,excluded
0xb31fb8f1629fd1523bbd4f0aef474bece3e3453e,153,success,0x907baec9c6a634020a23f9da8a8e0fc4198a83561d41ca8a642cfab261983756
0x599c59081d9b673bbddafbc933b669aa84ea3ee1,154,skipped,excluded
0xb31fb8f1629fd1523bbd4f0aef474bece3e3453e,155,success,0x07b70ebb2c2f0ce973a387968d1d99ec012e39cf20ce0a3d81e75e5e04942cce
0x599c59081d9b673bbddafbc933b669aa84ea3ee1,158,skipped,excluded
0x3077f103bd9a7690c88767f6c073f286bd232317,158,success,0x2b2435ee63359b9eb500d9e7e71073b58f10e3244e8fb203a7053de3c2b5370c
0xc3bd46c54286cd0bd386eee8000ac3db0cafad01,158,success,0x1e543e975fe5ded3a66f7db0b8bcaaa0262b85276860d3140fe64f8ae178cd27
0x626713967c0d98a2701c12de07e2d37a9eed0d5f,158,skipped,already_claimed
0x861736fa0e2898d5acde086c21d4ffaf170101fc,158,skipped,already_claimed
0x0e6be96b9835d97caa73fdc1d018c2d1d91dd5e1,158,success,0xa1f4aa532eef33b8dea2293c1dad1ecabb88d81a090f7a6c508c357d4d83f424
0xdb3b95a0567c27a0d1fd6020550dd566a903300d,158,skipped,already_claimed
0xd28b3107724e066264f735ffedaad0d5f35a426c,158,skipped,already_claimed
0xd4656987db7d5f4692637dc0f216b1eddee39bf7,158,success,0xfbcb68d5d263f8abda750899c122413e7fbd464134a24418f0404780e956bdaf
0x6c9cd792dfa1a8604195c630e3abc3952255e8c7,158,success,0x27fe3e3da5e20532e4e8ac5a0a01f2e36e6daa973955c2a8fa7313562553a19e
0x52cbd37423acb7d545bb1cb29b360f6208f08d3c,158,success,0xf4996623010f5e4fe4a590d539e2d751c00950f0ad76eb274db97cced3cfa951
0xc4aeb5fd1f73755b18bd6d3b51a478278a1cce0d,158,skipped,already_claimed
0xa1d4682999dfebc7ff85056ffc12727f288a2d88,158,success,0x609371c6c936d2f01567d08a1aeaa4130669b39aa99717efcd663cb36af5a84e
0xaf0f64222a720840befd808e71f24365c3c66422,158,success,0x61d95fd56472118f6c92513831f68ce6ccea23556c4107771194206a246e0af8
0x20bd45e3529e9aa3b59b30ba5f509a4d0f572ab2,158,success,0x4d16548a53cc0a991924112242a4afb911fb07868970cf36238e6844aaac7e7d
0xc20e46f7b682cfbb59bab468adb88cafdd1a9abe,158,success,0xda654dcb96a7735651475b14222758fc6d7ae1eef472132c1316ee7cb58e61d8
0x0f587d27bdbeec9dcc204609287fa1a735fb6f40,158,success,0xa2bfc99cc806c3bd3410710e53aa96fa1f5e9ff36a2e25583aba501a9a815b8e
0x09f331cddd8b2a3eac1169e938133371c3fce528,158,success,0x89fa5226ff74055c9ad1b3be18d97b6ccfb93fef6321a9bf4826d62e27d07051
0xe8e5085a60e25fd706d3e070551d5bfd958effbb,158,success,0x29230aa735d902efe0748bd990d60c301f66760531cd6a2e84415e6beacff893
0x398adad8b6602b7ce8148b1658b92f49ed8072ef,158,success,0xc746f3a9b572fa5945eca0c4a85d8355af653388dfe567ad92dbb44446775e14
0xd175fbbda2e72edf8e28e16abb6e63f88f15ddb7,158,success,0x07298bce71e74a2421bdd09a421c5284d778eb8ad56ad180d726d58e186abbdb
0x95fe996af6d08933b563b198c3a9bfe91c61c4e9,158,success,0x6c0d36a5afa81fc1dfab82e9e4c3064047248ab680b7af807f6ba75aba9fcff6
0xb31fb8f1629fd1523bbd4f0aef474bece3e3453e,158,success,0xe9b914f86ea91b59cf0077a06de0256f935da186c858f498c25618b195696512
0xa8a809c5b9681617da775e6e16a6eae1792afb42,158,skipped,already_claimed
0xd8c8f8e07f779c34aec474ba1a04e20e792b5c5f,158,skipped,already_claimed
0x50d55e6ed4146425c52c26521ff14be90bd4d1a5,158,skipped,already_claimed
0x47e920f0379ca4648dade5c79bf022c8283efc67,158,skipped,already_claimed
0x599c59081d9b673bbddafbc933b669aa84ea3ee1,159,skipped,excluded
0x626713967c0d98a2701c12de07e2d37a9eed0d5f,159,success,0x820ef3e95bfe4d6260e17960bedf693fab324b24bcc3d207a19fe17763aaa1ad
0x65b99f6a44b3d513f0656231854813e1810f31e5,159,success,0xd75efbedbcfb4bcc3ad8c4a1cf74d01f3ea5bab489f53c7df8fd72da055ef7c5
0x24393a7e6b782762567d97e3800601eb7f8e80a5,159,success,0x4b963a57ec43dac815a8ac29b638497903690a17196dbb0d412ce29a1e921a3c
0xb5ba55143e6719d5597e0c700772b4ccc5f6b7f8,159,success,0x507ca4a1bd778769763e1019d8f1ce026a78003267f3637935500f2234bca60d
0x4f1442ce0232b5a178d83ec928a796098c43b026,159,success,0x60e6bcc58859d96a5046b2f47658f646dd86d0c2ca0c6868435af7ae3fdcf6dc
0xb31fb8f1629fd1523bbd4f0aef474bece3e3453e,159,success,0x8a1b52801ed235779cae7af596ac3c29c7b1fc3da311af87a2b399b79b3b1212
0x599c59081d9b673bbddafbc933b669aa84ea3ee1,160,skipped,excluded
0x626713967c0d98a2701c12de07e2d37a9eed0d5f,160,success,0x5bd8dd2970449c9be2b39146bccb88938c0687b7242f1a47ae800b4eba246b6a
0xa8a809c5b9681617da775e6e16a6eae1792afb42,160,success,0x9a4d377880251b7213c2e908a8e057f93ca68b6b8ed6cb1ac5acf7012c4f2b3f
0x2549393a45a63dc08ecf6cb2c76710dcfc6832fd,160,success,0xf6ee857c53708fddbda5d23bfbb2df387ff8a761772e9f56be39c24546f9046d
0xb5ba55143e6719d5597e0c700772b4ccc5f6b7f8,160,success,0xfb10f8f36ec7cfb4cd24d1711386f0b14e33f909c66786a49349c1b716d4889d
0xddc60d163015cf5ca1369d557a2ca1cc2de1f1e3,160,success,0x1bf900b8dede15b325ef566f005456079a1ce8d788e1effbeda15636aaef2748
0xa7cdd0cab69fc447cd50b842f0ca66ee555ba1e9,160,success,0xc70f54046ed44bbd08283b3b96afaf8b51079c6246bde5ceb607c42adbecb8a2
0x95fe996af6d08933b563b198c3a9bfe91c61c4e9,160,success,0xc58fe34ac87319f01403d4da71f95c9f6e2b6ef93ea0b9e6a29ac0355fbf2e39
0x66b9f28422f6dddb0745bd1fe6740c14bc5b1c70,160,success,0x59e5db1f50a929beea84f99689e6975ab8678d747841b069b8d65813286e33a3
0x42925f3b33d315000276f0f6a257e4fc3c06da21,160,success,0x9e6aae744ef183f41ac27f1b27b93583316cd73ee58063f716dff4852b5f81b4
0x7191525d94dfc6cfa9e5d44c6d6ae23b7cdee9a5,160,success,0x695af9579b323b2a1e0c9d2fbd6298100997e82fb57a0f0b3f332a0b182f6866
0xb31fb8f1629fd1523bbd4f0aef474bece3e3453e,160,success,0x841e6045f5f5181b3fecaf13acfa036baaeb1da0f098d35cec99fec15b306126
0xa57d7aa44517bb349fd6deb1ac6771774ba51387,160,success,0x1aad620e4f40fa8a7beb74c2c96fbb695fc05fe9d318860861da6787192a3aac
0x1a4b7b5e62b4b2db338b6cb4bea4e34e37fb3573,160,success,0xae45281f9a5ff187a55ecca5cbf99175223ffd1f3d7df76c67ad7c02b1f494fe
0x599c59081d9b673bbddafbc933b669aa84ea3ee1,161,skipped,excluded
0x907b7a9851d372cd301a938799c00a8b464a2419,161,success,0xa756d7333782906ed5262d701b7a27c46343d8d953af759d6027cb6720e897de
0xb837947627c9eae579b001cb007e03b27995fd02,161,success,0xada093caae90c11f4c02177c3c99f47e3771648527ecb07a8193cc132c688885
0x2549393a45a63dc08ecf6cb2c76710dcfc6832fd,161,success,0x720ae7d58cb38414bbabb9316f542dcdc2659b6d46a118310d3078179258da0b
0x65b99f6a44b3d513f0656231854813e1810f31e5,161,success,0x12eaeded848e79912e9b2891581b3752873b99c8ada0c3fee48c5ea3eba4117c
0xd4656987db7d5f4692637dc0f216b1eddee39bf7,161,success,0x736184d679557de40d2a780ab74e9e4adb72f3eb6c3aca6a1bec837acef9fadf
0xc4aeb5fd1f73755b18bd6d3b51a478278a1cce0d,161,skipped,already_claimed
0xd814336d41d4fad9c3674a7c5c54751d03ad1da5,161,success,0xa9f8cca06ebd1fb26d7a605ae084ee29db67b81b540cf8548148fecf45d8e9c6
0xcca5ff0b24b3153262ffb7efbc8a0ce5d635a0db,161,success,0x05a2273bab2d81c015a835e7f9f54c96aec8645c14d28b53619bf1eb943448c9
0xb31fb8f1629fd1523bbd4f0aef474bece3e3453e,161,success,0xe8b60d8eb92d25d483bdf1e3ec48b9aa453176df4ff058da801a85ebacb51191
0x6cf6e24f1a5331ab13f38d093c9b409da701ce69,161,success,0xb22510d6ed807bea55acca4d1f7a742acb1cc72f3d8530d96fa84145fdd1b2fe
0x5a0e750798f8fa29779049bbdbbbadeb1c81d2b9,161,success,0x2c422c24819bdd418e91d95106fd4bc34986e7ccc13a91e5a450023b893bc7fc
0xf14f2b9f439e209798577c5e67a6f133de26c030,161,success,0x497df14bf2ff6af8e6949b62b13f952859979d4b4a0222051731fe6553b924bd
0xa0a6ff7ee2d71d04c20195b8a919fafff513a9d4,161,success,0xa0cde6bed2e0d20d6a902789df20f8fc90099ff2c89bb7ce2eaa227ad1f3a2c7
0xe88a2a2c4a6fec8d0cb94646666c93a8d953ad57,161,success,0xbfc85079e3ea00b20cb87e6c22087749386017dd47e42a6f364383d017a1a7ce
0xa8a809c5b9681617da775e6e16a6eae1792afb42,161,skipped,already_claimed
0x626713967c0d98a2701c12de07e2d37a9eed0d5f,162,success,0x8e2b00383d97fdc4e718d481c395d92439882e606b8b6f5dfd100433bcb1a9a5
0x3008f3c33fefb6f0fafd749cac0101f326a7cfb3,162,success,0xacbaee0c44d341f17ca283b0669353dd82a98e7fa9fe66538f6ab8cdba74ef38
0x1f70ab7a96554f0cc1f6a4c57f2b244e8cba2f92,162,success,0xb2eea930870ac9273dac76cc15f21df2ad2ab6e0015e38e6d39f1ca93a7ffd07
0xb31fb8f1629fd1523bbd4f0aef474bece3e3453e,162,success,0x50c13baebf285e75b944717ae8ec46e8fb9ed43664176a57f1fdd22dcf077c2b
0xf3bcf0b7da4f428e32864f81f7fb2aba99f9e9ab,162,success,0xe492f20df1f39091d144dfe4b1e048b70734d70815bfe0c1c50998deff015011
0xb31fb8f1629fd1523bbd4f0aef474bece3e3453e,163,success,0x3b408e67ae8f3852a3098be3492b8754aaff655eed081012c4e23be3b5335ff9
0x599c59081d9b673bbddafbc933b669aa84ea3ee1,165,skipped,excluded
0xb31fb8f1629fd1523bbd4f0aef474bece3e3453e,165,success,0x9f18c4ce150674013200f508f24f7946c33ab8d6ad8cb2812ae5f4ea5385b336
0x626713967c0d98a2701c12de07e2d37a9eed0d5f,166,success,0xbf448ebad5ca87e0194e7efea5f6305b7491efa85f9f78d5e6a4b654253aa09d
0x5a168ccbc4754fbaf66a2f1d5d3e28acf45a542b,166,success,0xf40ecaad301c25dd3209b1ae3d12590d886cd2fbeca43c58728cc28f24264ac0
0xb31fb8f1629fd1523bbd4f0aef474bece3e3453e,166,success,0x288bd9e0f8c1a036ace0018d32a962092621b4d207c57125f3e6f9619cc08c89
0xcc66b7f749fb0f0ab60d77d65e470b3f368fcb17,166,success,0x5a18292f426a5345d033adc0a68e752c4df7272cbc1236445398ac2805ad6bb0
0xb31fb8f1629fd1523bbd4f0aef474bece3e3453e,167,success,0x553308e08b709651ae565b5fa09de2c7ed17f8d9bfc2a4b2091723a115b5fdd5
0x599c59081d9b673bbddafbc933b669aa84ea3ee1,169,skipped,excluded
0x922a00075edbd3909aafe75cbc20d4851e984859,169,success,0xad5e9f989830098b119f78ab4e1d96a225fc61659d3c49d9dc16d2094979db51
0x2756301b12dbd300f329f7693839011eca868c0b,169,success,0xb7b31096b903e142d106eead4dace32b22e45d491c2fa26221f7f500e6b0b8c7
0x870904625800869e97600eb281d8a7c707788be8,169,success,0x54549e088324c3a84abd6be0c5f36cb4cf5fadb2004903162f8cf35180b0eec2
0xa57d7aa44517bb349fd6deb1ac6771774ba51387,169,success,0xa591b49f17216bfd6422e5b85b914e67e1d711e7d20de81cbfa0c4050ac815a2
0xbfae446a91215bcb0b2c6d0fe1df8286008756bc,169,success,0xba92852c8c0b56d63d57af2d40c00a3d6f51c649d1fe0d829c6d8f7dfe89447d
0x6447b9b40536436b42424a984876d7e3b858f8f7,171,success,0x609604d99fa404d9485e1f3e881630f35c1a41c6ebbc5896f56cd70c6e32e61e
0xc3bd46c54286cd0bd386eee8000ac3db0cafad01,171,success,0xe67843f85f8ca2c5c899c2a389e5d13806a7b071a9c05322bc5dab4c9fb40bba
0x3008f3c33fefb6f0fafd749cac0101f326a7cfb3,171,success,0xf401b6a6469e033cf61b17770543fcc750fd2a82de2ed6b8baf81a5d0a3b9b37
0x082db5d05c2ab1899050f1dbe4a734181efe5de9,171,success,0xfe2420694fa453068fab399d94d226673ce89893df8c9ec076b8e1ecc66f8410
0x189ccc41aff05ab0e125d81c4e35ac6c5bc4f1b0,171,success,0x858fe91654299ef537e3460dc8a475c326c653641b7033a8f4da526697dd994c
0x50d55e6ed4146425c52c26521ff14be90bd4d1a5,171,skipped,already_claimed
0x27061b37194e90695589270aa785c14786ef4358,171,success,0x86467d0a837d341bf078bce5c860fb03c727374dce4d478ef558161f3ee54938
0x47e920f0379ca4648dade5c79bf022c8283efc67,171,success,0x50fd25e9805527bb2dec61a732c2a4371049fe7bfed43ad9f5228c646c7b2e45
0x2756301b12dbd300f329f7693839011eca868c0b,171,skipped,already_claimed
0x9b2d9121f91a5b647af8d85cf0b6859e49e86fde,171,success,0x370fb0b3f54b280f70d155297c0fcbf229f402d81c339b4753c2d47fa95429a1
0x0a593f5e1a7e04a88078f4f99cc94145a7795009,171,skipped,already_claimed
0x488c410f399a2d683ca9f0f2818a0cebbf7f1821,171,skipped,already_claimed
0xd016c9094d63eca2255a9bb20c021ea4b16b0a2a,171,skipped,already_claimed
0x626713967c0d98a2701c12de07e2d37a9eed0d5f,171,skipped,already_claimed
0xb31fb8f1629fd1523bbd4f0aef474bece3e3453e,172,success,0x900176af6714e92a0543c38e19323601e733d11e364094cab7d3e719f73872a1
0x0db56c99b8ad68f35f4b1772a4ffed3fb16204f6,172,success,0x9e65bc48f248a5e5c1d49b7ef0992874c67f4ffe8721936816d5cf0a9044296f
0xcc5ef20cffe5c184892e9302d879b189f7c7da53,172,success,0x204f6a0847510eae3a4ae0001bb83e3dd0261e6be2cc48740306266fe9308c63
0xd8a11e406c82c8a85561e6439cefc713d3782efe,174,success,0x6cdc6cae34a217d5e40678ae5c6840d5eb212b28304d7d516357c6a1b191b511
0xb31fb8f1629fd1523bbd4f0aef474bece3e3453e,176,success,0x731fe3142deefe44547e635f3c2bc4680ad51806c68b0a14aba7ef842847d714
0x626713967c0d98a2701c12de07e2d37a9eed0d5f,177,success,0xe431dc617f37941d2949cf58825ce83d3599b0608dacffb0d9d397756dd3c3d4
0x8dd0513d158508ff152b0ad45562a22b39644359,185,skipped,already_claimed
0x626713967c0d98a2701c12de07e2d37a9eed0d5f,187,success,0x0a26c2d7477a41fc7838e5f1dfa02ee09849f46da326eb2a737b48077e0c54b5
0x49eb60e1b1187430f66131e8663783757740e8d2,187,success,0x00ff10aaab2b562bbc1b4ed40a5d4468a74123948ed17d7dda4654c913807024
0xd28b3107724e066264f735ffedaad0d5f35a426c,187,success,0x32190e0d26a428bb5a2df968aab845b7b308e478480befe88b38035e36bbca28
0x497583c2124441cb9387adc81759fc0950cb6ed8,187,success,0xd22768c4ffea1ab3109418dc4c5674de963e1359b11359a47023bc499a2f2490
0x70bb01bb6f05c7e39f0b32a4be85d977bee59e5b,187,success,0xc95892c386bb0d706ecd8ffc1c6daf72d28a7a918eeab24525e010ec349c6191
0xc4d83f68f783d9d833813842b006b30af2968fa5,187,success,0xa2c69eaf1a94ddc6802f198937ed86e135a9424e675137884408d66d321023ea
0xe4dd1f7d2e33406cc5d81165aa2fd9bb93fc8ba9,187,success,0x2d84453186a2abde53ea0c57532d5a17d32e1d469b6d1f065df95419b0c100d3
0x873b0d0b5de0cca15a7e7406bc573eb4e4f567ef,187,success,0xffb81853e3394f889b94b940cd5c98b8b7c260c4bafc8f9afdab9e2688c78179
0x840d11b8cfd350c930af8e3642f576dc8a101428,187,success,0x52fffe9e5f4acb3442cc773776c673b1c5428271466575e29fbf61842e202801
0x599c59081d9b673bbddafbc933b669aa84ea3ee1,189,skipped,excluded
0x3077f103bd9a7690c88767f6c073f286bd232317,189,success,0x727d0e995e4070605e76b956fd71001cf20559ee97e8d666895c6c28870410a9
0xc3bd46c54286cd0bd386eee8000ac3db0cafad01,189,success,0xb237c092371dcee06137173295f8ba6b325fb20a774fc3da66d4c75b5ce8e291
0x626713967c0d98a2701c12de07e2d37a9eed0d5f,189,success,0x49c977bb88a0db3e3dfe3dfde6be97e15900ecd91b8091b840bbcb7e2c7ad919
0xe3324e63cc99f05dc482d2e73b2016143b163ede,189,success,0xa3b74aa6a70570f13c193d342b4772f3220b4bf81b181f7cf1a6b941bed40c80
0x0e6be96b9835d97caa73fdc1d018c2d1d91dd5e1,189,success,0xcacb476864dc8c523e06f1ba108b4386e26b545ed956f204372fcdb46062b4ee
0xe6b4accc6a58d5998ce7d0740e471e2cde0d3cfa,189,success,0x5851ee4b4c27e132ecc3d8042781422cbff17ff46f0db5c7358c6c2835b4e8c9
0x49eb60e1b1187430f66131e8663783757740e8d2,189,success,0xb4d84480a2458f1387e8fff4cc2ca137584ee80ee48acca4d248d68cec621506
0xbf87fafcc5d86010744ade5e1669d785958fd871,189,success,0xa35ea225e607d60db12de2b1dd9e8cfee71048080eb4dcf6f7fcd3f8539d9b41
0xd28b3107724e066264f735ffedaad0d5f35a426c,189,success,0x411816ab6f0fe863ff096877fc42a307a9a5fa0b8dfd650358d55b0dee1c5374
0x018895b05d5ebae4571db08c0a1472b071b5e66c,189,success,0x8ca3de22a818ebf61925a689827e981e505c52c94ad3ff843ff7ceaa12637e34
0xdcb9608edc5920f17df68a40f82d4c6d86942209,189,success,0xeac979962291823ee116aca7602efe21dec66523efdbd4f7c050446a84d5bbbb
0x95fe996af6d08933b563b198c3a9bfe91c61c4e9,189,success,0x635eb6868a26e36500114489ecc5a4dcec18044a70814cd57ebf7769899490c1
0x922a00075edbd3909aafe75cbc20d4851e984859,189,success,0x63f2d2a9d390c618f628c27af7d082e46cc0815fa4b72694197ee44c28663d63
0xb31fb8f1629fd1523bbd4f0aef474bece3e3453e,189,success,0xa044e9e4e848aae281d0a10c13ca703fea3df82299a6faf0b1a3def57c5ddd35
0x801e8f44f01ee5cf0318593715391a465cedc100,189,success,0xc761f45a886df57e0e870e6c85c70337e62bef4f607479cabaa11f20f1b5b548
0x4d2c06203125ca34e067c39b7178fea6f1d1504c,189,success,0xb0d107d32c6d0acd697caf45dcc74102916855433689a0f90fc7e197b38bd317
0xc3bd46c54286cd0bd386eee8000ac3db0cafad01,190,success,0xdd625648cedd030d54394cb956373a5861d4ffdd269ae568ddc03ee57d65c11b
0xb837947627c9eae579b001cb007e03b27995fd02,190,success,0x1c13261366893e58bb635a650e2fc2383d779e3f2ac0ce758e49ad75b8f4e160
0x2549393a45a63dc08ecf6cb2c76710dcfc6832fd,190,success,0x0a151e025c758e9e2b80744bdc35d1443b3d1b28ce9240e05b403363fa78ed60
0x828f961b9c4c1d3e7ac88ebb5a764dd97d02a318,190,success,0x67eba48f8b955b7b538a7316917c0128632bfb7b2b8d802fccfd8770a39eec04
0x3008f3c33fefb6f0fafd749cac0101f326a7cfb3,190,success,0xdbbfab56ce9c28ae71df7ea41a3110ca73da1e650ce2087bf5541a9d32999724
0x1f70ab7a96554f0cc1f6a4c57f2b244e8cba2f92,190,success,0x32ad0c3328a1e2386e40f7ff7023b6b0e5d72ed99b7bc47c54e4cba61a47083a
0x5a168ccbc4754fbaf66a2f1d5d3e28acf45a542b,190,success,0x3b394f8c01bb98db92978babf306e5dd58806d6c61ef1788e78844b94a3b93f8
0x42925f3b33d315000276f0f6a257e4fc3c06da21,190,success,0xe9caa341e8973c43828a7fcbf3e622cd2611abd2f4e6f89f4456b3648ec99ead
0xa19bace3ee6c2dc7fa6d8d194ba4e5f50928d06d,190,success,0x6275361d65ebb0e7d36067739256560fab9ea3407ecbc4a047c327c118cd7d05
0x873b0d0b5de0cca15a7e7406bc573eb4e4f567ef,190,success,0xe770a36ecbe691f5cef566fad2a55a0828e0eb6413abe967cdde42203c59c920
0xb4ffd9b783a71b7cb1790d02e8f744cc32dc9c1f,190,success,0x2868da216584c0d56806df51f680bff86f6b8d9055baa02edd372668279d7f5e
0xb31fb8f1629fd1523bbd4f0aef474bece3e3453e,190,success,0x226e4a286102161110a2ecb0a6a2829dade2d72d22a829f7ffa5bc5c4ec73470
0xf5d3bd875675ade56ff2b879e3fc08a85b590584,190,success,0x26497729020388efd789399c3e19ca09de711f1685a2e5e7793d159a298fa159
0xcc66b7f749fb0f0ab60d77d65e470b3f368fcb17,190,success,0x1976591478d59ef8b9a1c5772507a1fccfd4f0f2650fb76e2756ef9dde68d554
0x801e8f44f01ee5cf0318593715391a465cedc100,190,success,0x2fb5769a094761ecc0163891f1c728fa57079ce5404182e631ba83cbe486e4bb
0x2482580b38b0b709a31d183120c804af10a6bcb1,190,success,0xe3ac4d6899d1db44ac2bb1bcb56f5c7beafd5e62a5c0fff6c4a13e4a3f3d89da
0x599c59081d9b673bbddafbc933b669aa84ea3ee1,191,skipped,excluded
0x3077f103bd9a7690c88767f6c073f286bd232317,191,success,0x92a3b90534b784ec2df47dfcfc55d08c32580df52eb9cb213bd927d340158d3e
0xc3bd46c54286cd0bd386eee8000ac3db0cafad01,191,success,0xa7db47db8efa53166a7cec0b2e945beda589da2979e8df4d5a6872a60019aa6f
0x18405396c4cec8447e74d408fabef1a9c2dc6269,191,skipped,already_claimed
0x8dd0513d158508ff152b0ad45562a22b39644359,191,skipped,already_claimed
0xe3324e63cc99f05dc482d2e73b2016143b163ede,191,skipped,already_claimed
0x0e6be96b9835d97caa73fdc1d018c2d1d91dd5e1,191,success,0xbec24edc704bf13ea3cddc0df9ddcb69372574dd391a64140007f66b5adcf6a1
0x9215a642cf3c8b883db416a292e6c3487d84b420,191,success,0xbc8b706d28cf634bf53b29278ebc8180dba16af1eedbb4cb3a9e161ee6582a72
0x23852ad4213645013e5b073738a8514f88ecf5be,191,success,0x69881b6f670bcada61b8768e2fab9f2c9ae8c4f59da081ed0f8c4921cd9a30ab
0x2549393a45a63dc08ecf6cb2c76710dcfc6832fd,191,success,0x67e50ec0761f3e03dc9b278ad62d9e6e3a46705c446ff609bd4484feae1870ff
0x3008f3c33fefb6f0fafd749cac0101f326a7cfb3,191,success,0xa50e444f09db2d81d1ad5e2f996e3d2db4268cce88ebe67461d1eb4344739ba9
0x34446d2b12bcb468403386be511ea857e41d5c04,191,success,0x1d3ea1a9446d71840a37b1b4e42d11bf0eb30b91bfe6b995327b989a5251198e
0xe23a6b2ec7954704422afe8c4c422803928408ba,191,success,0xe424a4b3b1644eaeb736b9c06507a0bcce08582aabea73f3334b24834149d232
0x6c4b96cfce013c8d63da25f7227cbbb350feb6e3,191,success,0x6d2439d31565f73d0c8352ff092ac4945ca0a99fc5d2abff58b48cb0e25d98dc
0xacf01bd31fa84c64a8ed6c16c090e0944b108f59,191,success,0xa9ba1e366709dc7c8fc6ebd3c17608399a7f5baed20f1417326613610132d72f
0x7386184b04d79780a25e9eea8bf4e9374f4b8c92,191,success,0xcc9c02f251658adc6ec2acad8bf26ecfaef92a33b9570377b998c3809bf815f1
0x4b5fffa39fa909d0742f4a8242b765ff3e7368bc,191,success,0x9debc631a909d20389585901242eebe56502430a6a34b6f0309324310e0415f5
0x66b9f28422f6dddb0745bd1fe6740c14bc5b1c70,191,success,0x9bb890422daf3e8ba5256e2f89d3b5e34c8991e633990380ab46d701d4416f6b
0x922a00075edbd3909aafe75cbc20d4851e984859,191,success,0xff114748812016d5823f1196f84f7b088e6efea18b87da30d178751537923872
0xb7356c5964aeea4777248ce02547ff256e54a4c0,191,success,0xb0ac3c25880e7fb666f0fe9a3566fbc5c5ee76d4afdb9da0b417017803b9e6a3
0xd814336d41d4fad9c3674a7c5c54751d03ad1da5,191,success,0x619f7645e9827a10c2ce036bcee0088dc2113184a0240500a1b5f2c9bc1aed37
0x7191525d94dfc6cfa9e5d44c6d6ae23b7cdee9a5,191,success,0x65277a3e702788fe58783ff86247f4051a97648f4f54e115322532bdbf5819c9
0xb4ffd9b783a71b7cb1790d02e8f744cc32dc9c1f,191,success,0x6a0328a349c2cb0bec5f4b1485f22fa8957ab4ee33eaee681106066b42bc3911
0xb31fb8f1629fd1523bbd4f0aef474bece3e3453e,191,success,0x8e4a67226bf5a6ed65d6518771fa0c831f0060fa8fe1aee5904124a4ddbe4c02
0x67164c15e2a606f48f829cb71b1a04db41d47917,191,success,0x3ce14bbcd2714b17b5e15b79d91c9211336e9cd9486f3b2640812e13c1ceab37
0x1a4b7b5e62b4b2db338b6cb4bea4e34e37fb3573,191,success,0x996e124d9f1dc41674a0afaabbf8bc0c63a777d4c07d2dd582b880b9e5abc203
0x801e8f44f01ee5cf0318593715391a465cedc100,191,success,0x5fe69233fad2a35cbb48633468d0b6aa6c86619cb4fb435fd53f22a3cf377912
0x7d637bd6c8aa6087164f9ec6f0ec79b5f9296133,191,success,0xcc48741aa1eae45f6076695ff62bab960a18432d97b129c4839062791c84c092
0xe7ac4eac15d7dce3c95d1bd1cc8ca8b97a952845,191,success,0xd6c1c406117b96dbaf0a4eb1cb48fc992eea765599db5ebbdb313d3fa55b0831
0x44546f0d0446cae543dd0ab8c7a70012e94600fe,191,success,0x546432052727603061c93ccba2373649d9771b746ef2c87d6b791f6298d8d207
0x50d55e6ed4146425c52c26521ff14be90bd4d1a5,191,skipped,already_claimed
0x47e920f0379ca4648dade5c79bf022c8283efc67,191,skipped,already_claimed
0x626713967c0d98a2701c12de07e2d37a9eed0d5f,191,skipped,already_claimed
0x9b2d9121f91a5b647af8d85cf0b6859e49e86fde,191,skipped,already_claimed
0x907b7a9851d372cd301a938799c00a8b464a2419,192,success,0x7284de16330eb6ffd60dafe0b77dbf121162a2d6166eec168ad5c86d0f766560
0x0e6be96b9835d97caa73fdc1d018c2d1d91dd5e1,192,success,0x9c38956585c85c1c1f0b8c97262659fa2926edea310365acc4f9e725df7c276d
0x23852ad4213645013e5b073738a8514f88ecf5be,192,success,0x8aaa28741e35424eadada64381b20ef3c3dcd46225c2914b9c9582102b67135a
0x98a96425b337c80bc9e2bd493a65e7546be8daae,192,success,0x5b3f67ec9e2193640a2cecacdb0e8ab2e1f09320ede9ac9d010d586119e613c0
0x65b99f6a44b3d513f0656231854813e1810f31e5,192,success,0xcfa3f69820a8af222eb0dce6417f25981672d183319ee37e51f8b82d274b34a6
0xd28b3107724e066264f735ffedaad0d5f35a426c,192,success,0x8caefa33465a55525e517b17c7444be9c659ef39b907c6bfae73595662e87d61
0x497583c2124441cb9387adc81759fc0950cb6ed8,192,success,0x67b855aa50eb10c0d09e4d548af07a44edfed9c5fbd6f5814c9b1443ce39da0a
0x4380cc0ab24f4b83aa6ae3efc368caa2bc528cec,192,success,0x8b7fae59a0bd392cc9338d7db2824ccb00d45e6b741f1f9f0840fd79eaa14439
0xd4656987db7d5f4692637dc0f216b1eddee39bf7,192,success,0x538af43f6bf7c33bf731681d4fa51efc2338d26792428514e1275b132a0d6af0
0x70bb01bb6f05c7e39f0b32a4be85d977bee59e5b,192,success,0x530acec2cd7db5d3c2dbcb6a8175763d4487ecd84f9469a9bd440d72299eb4ff
0xc4d83f68f783d9d833813842b006b30af2968fa5,192,success,0x6265b222ef68ea0d15449d2ccf229cdc8621308396b50a6e26b951ee1c60fbaa
0xe4dd1f7d2e33406cc5d81165aa2fd9bb93fc8ba9,192,success,0x46cebc2ad39e84df2773fc1cf27fef926392fa868c331ffd94966872d69c54ed
0x577112fa4f415f3493bfab014d27444825a3c00d,192,success,0x7cdea6660b7c0f5384bc4d9a9f2d3422da287239702607aa9a9f22bb1811fdaa
0x4b5fffa39fa909d0742f4a8242b765ff3e7368bc,192,success,0xc0984e4918aee1d65ad87e17b7454744208cb760475b00673aec8eeaef67b300
0x4a9f3385ef6c1a51b2b0d02da578c3879b26b7d9,192,success,0x11db27bffb3bca3067fbe31b4b1d07d5d412ff2239f1109b192641f3924034bd
0x7f8f605d07965a7dfdbd0c63fe1d85f46075990a,192,success,0xc4544612e1a189981a841a792151d5beb7fac68e98bb003b27543ba99ec4fb36
0x66b9f28422f6dddb0745bd1fe6740c14bc5b1c70,192,success,0xaa62b48ca2c85107e155d79c4db817d879eda67e14b83801a39e5f77bc163cae
0x2756301b12dbd300f329f7693839011eca868c0b,192,success,0xc34ef18622ee2456db16d5c4d8a8ff930b78a77d50cd2b4826e308a29c72d81d
0xb31fb8f1629fd1523bbd4f0aef474bece3e3453e,192,success,0xf51672194619395cfcee4c1967f7ef351838ee41e6494451aa48e466517854b1
0x44546f0d0446cae543dd0ab8c7a70012e94600fe,192,success,0x0dfc1670d8ef6719153b4a003911745aff6ace315bca1e2aa5af90fd5e886d3a
0x907b7a9851d372cd301a938799c00a8b464a2419,193,success,0x15d2bc3798f93126f071fd829d450029718b56c08a4e46400856cbf2e33af76b
0x7232af3552c83e646e4a43368ccde98c4433533f,193,success,0x3ba06136d54255aa1b2afb7ad26c32b0608d353cb53698b5a23a0d7024a0469b
0x497583c2124441cb9387adc81759fc0950cb6ed8,193,success,0xc15e1c7aaf07ed5cd2318d3438370d9c5418700792781a98e09369835a06d1fd
0xb31fb8f1629fd1523bbd4f0aef474bece3e3453e,193,success,0x070e7d06037001243e46186db0ad3655375be4fcc42a408184dc3112f0f5ac9c
0x02cc95b317ffff75878a8508885ae4842c6d2694,193,success,0xf2517f60d449d15093e13746d2958aa9261dc06bd2db43753da161cf855061cd
0xf5d3bd875675ade56ff2b879e3fc08a85b590584,193,success,0xc5848ebd3fcb6458fb3903d929692ad6634a381c2fd47e2d223e7b280855ee71
0x1a4b7b5e62b4b2db338b6cb4bea4e34e37fb3573,193,success,0x435dbb3b4fea7b8aba29a4653efe6aa6413b0a82ec1525b62c633a2801cfc953
0x599c59081d9b673bbddafbc933b669aa84ea3ee1,194,skipped,excluded
0x6447b9b40536436b42424a984876d7e3b858f8f7,194,success,0xe98d63396a7ef11e3f4f7dcc105c207f3c5215595b4c08e69b5ba0dd0406d4bc
0x3077f103bd9a7690c88767f6c073f286bd232317,194,success,0x05368b7d6937e155d86cfb119a401cd8c7df047712ccacc147aeee3adc00ffc9
0x2549393a45a63dc08ecf6cb2c76710dcfc6832fd,194,success,0x23a09f52788796ffdbd8d049289b72adcc467faffe53b251e5b4021d4488e1f8
0x10e82513d367b7d99157f9f3cd309080d2a36a97,194,success,0x05af7ed856bc2c4116b02a2d79c03ef30a2cf14ed1e48c0d17632d76af396a9b
0xb4e13ae1379b1c0823b887c8ed385128e05ba61b,194,success,0x014dfd9fb35b2c74e465a1d83ee657c379eaf1273bb61f1f9152ffae151d4f65
0xddc60d163015cf5ca1369d557a2ca1cc2de1f1e3,194,success,0x31219ebbafe2415002e13480e4d676c9ffb9efde66ffd0132446a89807572d85
0x42925f3b33d315000276f0f6a257e4fc3c06da21,194,success,0x16f318571e4e01fe97c5f5e2bf869791b5cc9a87ae8ca0deddb0db271202d373
0xb31fb8f1629fd1523bbd4f0aef474bece3e3453e,194,success,0xd6d1e0e7d4a917ef46919c5edeeab710baa1d2215772f9833d6bb7a9af5d9371
0xf785d4b319a0ef4c1f4530d912dcdf4acb2a245e,194,success,0x235bd187175462a2b39ba6b6e80486d872ef95dd59578be0e757e814813540c4
0x34446d2b12bcb468403386be511ea857e41d5c04,198,success,0x3e01356915246d742701e339ddfa07810d22e7229d7e537dacd71471b247ca3a
0x373c828d7c2a5af763aa6df9d17351c910abda77,198,success,0xaa93a86e3f5cad732b4d1b5d35a129ec29c94cdc6dad5ca560a9e1899087ed4a
0x6e7294aaf2fbe6b423189dc1352b8c62e643440b,198,success,0x8e12470396968e390a618dde8a1f0b45850fc894c38226023e6cfa86c944e738
0x34e8bedefb32ca9375db7df4ac5be62b5fd1098b,198,success,0xfbb0dad46d77d04fea005ac67caaa9e56181b24a9f6685afa29b6d87813d6177
0xb4208e12c77788d4f51e8204a2408a9469fe89c4,198,success,0x295d2cbbcf6d68983dd7a5c6d248312b299d1a1a70d9bac299b5aec6769d45cc
0x436ff2346040bb4645e606975e72d5b11e86af8f,198,success,0xb09801cb0aa54cdb118cef03103e72ad82e78e2a818f9edf1cf8e49deb678fdd
0xb5c6e62ed49fa55c25910167ba7650084cf9a47e,198,success,0x9bdd3bbe1bfbd65ec997ceb50fda1abac2a63b19f8287b00860f199364e8be14
0xc93b9efa79f4d66875b4168c408007b956344467,198,success,0x6968218555b8ee68b360975576b1cf122e438b22a3400cdcfb0f6eeb1b2a69a3
0x1b2cf4ac80502409ec0a80531eb506699d13a486,198,success,0x17818df9324157af8c6b2045236074b86086cc62d256cd979b509df1ec0b22ab
0xf31e8ca84382bf02d4367905b6fb536beb08e11d,198,success,0x74c703f598bf8bfc913a83d71128140426b83f451e53f3be792d165a04ff7113
0x34446d2b12bcb468403386be511ea857e41d5c04,199,success,0xf738057c822c2ecdc7d446da356d23fca46ad7be4bc2a3c918f0bf76297cfe3b
0x373c828d7c2a5af763aa6df9d17351c910abda77,199,success,0xb5098ae3f4f1782e8fe9edc41698ecb8d2be4d9d07d755ec9eded23c81def40e
0x34e8bedefb32ca9375db7df4ac5be62b5fd1098b,199,success,0xbebefd8220ddeaa6150c53ccf86dcfd4c292d0d900f74caed2c06729aefa0de2
0xb4208e12c77788d4f51e8204a2408a9469fe89c4,199,success,0x10ec4fc827acd9caad47bd33263bb6ef386ed2ff8993083925ce301be80df9c7
0x436ff2346040bb4645e606975e72d5b11e86af8f,199,success,0xfbbc9bf4057729fdc1942a6f8dee6d949330d94b098eb4e5e2ec7a1d35330545
0xb5c6e62ed49fa55c25910167ba7650084cf9a47e,199,success,0x70aa59a087a119ae3f379da096f98947524d56c95ecfa53bfb6f4f83996b0cc3
0xc93b9efa79f4d66875b4168c408007b956344467,199,success,0x9cc16234eec7449760700d95cf0204479a5374342e2c6f5cbd2cecbbb65c537e
0x1b2cf4ac80502409ec0a80531eb506699d13a486,199,success,0x4f5cc35a27cf8a20db4cbea961938e5120ba821e4cba1b396c5dd3117dcc2b9e
0x90098ee8c21e5397e8ff1978bd40ffcd76174756,200,success,0x873df65a0e69673e171e4c4bf45cccac336389b7467b3be5f1bf69b3fa868631
0x47e920f0379ca4648dade5c79bf022c8283efc67,200,success,0x2e131c5102da4f330b6b1e992b0b633c698c372291f3199e731b25f9652fdb96
0xc94b360bb4b3cdb2ed0c6c0cdfec9e255cff258b,200,success,0xd05cf0655ecb1385574e9f009b3d4056bd9f9469805a33901590f3b7add6bb89
0x55bb097adfb35dd0a9dfa8ebe03d579c5b3db8b9,200,skipped,already_claimed
0x1f0299942390de72e9e5a0d7ae0ffd09d5007fcb,200,skipped,already_claimed
0x5c9eba3b10e45bf6db77267b40b95f3f91fc5f67,200,skipped,already_claimed
0x488c410f399a2d683ca9f0f2818a0cebbf7f1821,200,skipped,already_claimed
0x861736fa0e2898d5acde086c21d4ffaf170101fc,200,skipped,already_claimed
0xdb3b95a0567c27a0d1fd6020550dd566a903300d,200,skipped,already_claimed
0x2756301b12dbd300f329f7693839011eca868c0b,200,skipped,already_claimed
0x0a593f5e1a7e04a88078f4f99cc94145a7795009,200,skipped,already_claimed
0xe3324e63cc99f05dc482d2e73b2016143b163ede,200,skipped,already_claimed
0x18405396c4cec8447e74d408fabef1a9c2dc6269,201,success,0xc553e6f1bb14f00bdce4ed14cacce5d9880549cfa8078212fab0358c25ccf805
0x7386184b04d79780a25e9eea8bf4e9374f4b8c92,201,success,0x01d934fc1359ea6da6345cd765e8619212174ba2af73c66635c0143e315518ea
0xd5cbb6237659ee930a084026a01c08ea850a9bea,201,success,0x754828af3e33a2480a44cf05835dd9e9d12149de08eddcd6cc4668afefe00f6f
0x47e920f0379ca4648dade5c79bf022c8283efc67,201,success,0x7fa56aa9b308eae63239026a421c685af11cf928d2e32ab4cf1c42516a6bc13b
0x69a9572beb66080cd901f9b8f8b9a50cc3245b8a,201,success,0x3eb47d6b9c4410364a98779e96dc590de4c80b32a2d9318a63341a3629c1d77e
0x9b2d9121f91a5b647af8d85cf0b6859e49e86fde,201,success,0x154decacb7d5870f66a15f755e453e017f0d7f99124363008418d0f0d3b78544
0x4c6d2528680c4750f815ad0912a5540aa1330a4d,201,skipped,already_claimed
0x8dd0513d158508ff152b0ad45562a22b39644359,201,skipped,already_claimed
0x37a4ace8943e497cdd62749225ff2e3485bdb4ad,210,skipped,already_claimed
0xd28b3107724e066264f735ffedaad0d5f35a426c,210,skipped,already_claimed
0xc4aeb5fd1f73755b18bd6d3b51a478278a1cce0d,210,skipped,already_claimed
0x1f0299942390de72e9e5a0d7ae0ffd09d5007fcb,210,skipped,already_claimed
0xfe8c1e0d733815bdd889144ea721a39b44fda866,212,skipped,already_claimed